"gameId","season","week","gameDate","gameTimeEastern","homeTeamAbbr","visitorTeamAbbr"
2018090600,2018,1,"09/06/2018",20:20:00,"PHI","ATL"
2018090900,2018,1,"09/09/2018",13:00:00,"BAL","BUF"
2018090901,2018,1,"09/09/2018",13:00:00,"CLE","PIT"
2018090902,2018,1,"09/09/2018",13:00:00,"IND","CIN"
2018090903,2018,1,"09/09/2018",13:00:00,"MIA","TEN"
2018090905,2018,1,"09/09/2018",13:00:00,"NE","HOU"
2018090906,2018,1,"09/09/2018",13:00:00,"NO","TB"
2018090907,2018,1,"09/09/2018",13:00:00,"NYG","JAX"
2018090909,2018,1,"09/09/2018",16:25:00,"ARI","WAS"
2018090910,2018,1,"09/09/2018",16:25:00,"CAR","DAL"
2018090912,2018,1,"09/09/2018",20:20:00,"GB","CHI"
2018091000,2018,1,"09/10/2018",19:10:00,"DET","NYJ"
2018091001,2018,1,"09/10/2018",22:20:00,"OAK","LA"
2018091300,2018,2,"09/13/2018",20:20:00,"CIN","BAL"
2018091600,2018,2,"09/16/2018",13:00:00,"ATL","CAR"
2018091601,2018,2,"09/16/2018",13:00:00,"BUF","LAC"
2018091602,2018,2,"09/16/2018",13:00:00,"GB","MIN"
2018091603,2018,2,"09/16/2018",13:00:00,"NO","CLE"
2018091604,2018,2,"09/16/2018",13:00:00,"NYJ","MIA"
2018091605,2018,2,"09/16/2018",13:00:00,"PIT","KC"
2018091606,2018,2,"09/16/2018",13:00:00,"TB","PHI"
2018091607,2018,2,"09/16/2018",13:00:00,"TEN","HOU"
2018091608,2018,2,"09/16/2018",13:00:00,"WAS","IND"
2018091609,2018,2,"09/16/2018",16:05:00,"LA","ARI"
2018091610,2018,2,"09/16/2018",16:05:00,"SF","DET"
2018091611,2018,2,"09/16/2018",16:25:00,"DEN","OAK"
2018091612,2018,2,"09/16/2018",16:25:00,"JAX","NE"
2018091613,2018,2,"09/16/2018",20:20:00,"DAL","NYG"
2018091700,2018,2,"09/17/2018",20:15:00,"CHI","SEA"
2018092000,2018,3,"09/20/2018",20:20:00,"CLE","NYJ"
2018092300,2018,3,"09/23/2018",13:00:00,"ATL","NO"
2018092301,2018,3,"09/23/2018",13:00:00,"BAL","DEN"
2018092302,2018,3,"09/23/2018",13:00:00,"CAR","CIN"
2018092303,2018,3,"09/23/2018",13:00:00,"HOU","NYG"
2018092304,2018,3,"09/23/2018",13:00:00,"JAX","TEN"
2018092305,2018,3,"09/23/2018",13:00:00,"KC","SF"
2018092306,2018,3,"09/23/2018",13:00:00,"MIA","OAK"
2018092307,2018,3,"09/23/2018",13:00:00,"MIN","BUF"
2018092308,2018,3,"09/23/2018",13:00:00,"PHI","IND"
2018092309,2018,3,"09/23/2018",13:00:00,"WAS","GB"
2018092310,2018,3,"09/23/2018",16:05:00,"LA","LAC"
2018092311,2018,3,"09/23/2018",16:25:00,"ARI","CHI"
2018092312,2018,3,"09/23/2018",16:25:00,"SEA","DAL"
2018092313,2018,3,"09/23/2018",20:20:00,"DET","NE"
2018092400,2018,3,"09/24/2018",20:15:00,"TB","PIT"
2018092700,2018,4,"09/27/2018",20:20:00,"LA","MIN"
2018093000,2018,4,"09/30/2018",13:00:00,"ATL","CIN"
2018093001,2018,4,"09/30/2018",13:00:00,"CHI","TB"
2018093002,2018,4,"09/30/2018",13:00:00,"DAL","DET"
2018093003,2018,4,"09/30/2018",13:00:00,"GB","BUF"
2018093004,2018,4,"09/30/2018",13:00:00,"IND","HOU"
2018093005,2018,4,"09/30/2018",13:00:00,"JAX","NYJ"
2018093006,2018,4,"09/30/2018",13:00:00,"NE","MIA"
2018093007,2018,4,"09/30/2018",13:00:00,"TEN","PHI"
2018093008,2018,4,"09/30/2018",16:05:00,"ARI","SEA"
2018093009,2018,4,"09/30/2018",16:05:00,"OAK","CLE"
2018093010,2018,4,"09/30/2018",16:25:00,"LAC","SF"
2018093011,2018,4,"09/30/2018",16:25:00,"NYG","NO"
2018093012,2018,4,"09/30/2018",20:20:00,"PIT","BAL"
2018100100,2018,4,"10/01/2018",20:15:00,"DEN","KC"
2018100400,2018,5,"10/04/2018",20:20:00,"NE","IND"
2018100700,2018,5,"10/07/2018",13:00:00,"BUF","TEN"
2018100701,2018,5,"10/07/2018",13:00:00,"CAR","NYG"
2018100702,2018,5,"10/07/2018",13:00:00,"CIN","MIA"
2018100703,2018,5,"10/07/2018",13:00:00,"CLE","BAL"
2018100704,2018,5,"10/07/2018",13:00:00,"DET","GB"
2018100705,2018,5,"10/07/2018",13:00:00,"KC","JAX"
2018100706,2018,5,"10/07/2018",13:00:00,"NYJ","DEN"
2018100707,2018,5,"10/07/2018",13:00:00,"PIT","ATL"
2018100708,2018,5,"10/07/2018",16:05:00,"LAC","OAK"
2018100709,2018,5,"10/07/2018",16:25:00,"PHI","MIN"
2018100710,2018,5,"10/07/2018",16:25:00,"SF","ARI"
2018100711,2018,5,"10/07/2018",16:25:00,"SEA","LA"
2018100712,2018,5,"10/07/2018",20:20:00,"HOU","DAL"
2018100800,2018,5,"10/08/2018",20:15:00,"NO","WAS"
2018101100,2018,6,"10/11/2018",20:20:00,"NYG","PHI"
2018101400,2018,6,"10/14/2018",13:00:00,"ATL","TB"
2018101401,2018,6,"10/14/2018",13:00:00,"CIN","PIT"
2018101402,2018,6,"10/14/2018",13:00:00,"CLE","LAC"
2018101403,2018,6,"10/14/2018",13:00:00,"HOU","BUF"
2018101404,2018,6,"10/14/2018",13:00:00,"MIA","CHI"
2018101405,2018,6,"10/14/2018",13:00:00,"MIN","ARI"
2018101406,2018,6,"10/14/2018",13:00:00,"NYJ","IND"
2018101407,2018,6,"10/14/2018",13:00:00,"OAK","SEA"
2018101408,2018,6,"10/14/2018",13:00:00,"WAS","CAR"
2018101409,2018,6,"10/14/2018",16:05:00,"DEN","LA"
2018101410,2018,6,"10/14/2018",16:25:00,"DAL","JAX"
2018101411,2018,6,"10/14/2018",16:25:00,"TEN","BAL"
2018101412,2018,6,"10/14/2018",20:20:00,"NE","KC"
2018101500,2018,6,"10/15/2018",20:15:00,"GB","SF"
2018101800,2018,7,"10/18/2018",20:20:00,"ARI","DEN"
2018102100,2018,7,"10/21/2018",09:30:00,"LAC","TEN"
2018102101,2018,7,"10/21/2018",16:05:00,"BAL","NO"
2018102102,2018,7,"10/21/2018",13:00:00,"CHI","NE"
2018102103,2018,7,"10/21/2018",13:00:00,"IND","BUF"
2018102104,2018,7,"10/21/2018",13:00:00,"JAX","HOU"
2018102105,2018,7,"10/21/2018",20:20:00,"KC","CIN"
2018102106,2018,7,"10/21/2018",13:00:00,"MIA","DET"
2018102107,2018,7,"10/21/2018",13:00:00,"NYJ","MIN"
2018102108,2018,7,"10/21/2018",13:00:00,"PHI","CAR"
2018102109,2018,7,"10/21/2018",13:00:00,"TB","CLE"
2018102110,2018,7,"10/21/2018",16:25:00,"WAS","DAL"
2018102111,2018,7,"10/21/2018",16:25:00,"SF","LA"
2018102200,2018,7,"10/22/2018",20:15:00,"ATL","NYG"
2018102500,2018,8,"10/25/2018",20:20:00,"HOU","MIA"
2018102800,2018,8,"10/28/2018",09:30:00,"JAX","PHI"
2018102801,2018,8,"10/28/2018",13:00:00,"CAR","BAL"
2018102802,2018,8,"10/28/2018",13:00:00,"CHI","NYJ"
2018102803,2018,8,"10/28/2018",13:00:00,"CIN","TB"
2018102804,2018,8,"10/28/2018",13:00:00,"DET","SEA"
2018102805,2018,8,"10/28/2018",13:00:00,"KC","DEN"
2018102806,2018,8,"10/28/2018",13:00:00,"NYG","WAS"
2018102807,2018,8,"10/28/2018",13:00:00,"PIT","CLE"
2018102808,2018,8,"10/28/2018",16:05:00,"OAK","IND"
2018102809,2018,8,"10/28/2018",16:25:00,"ARI","SF"
2018102810,2018,8,"10/28/2018",16:25:00,"LA","GB"
2018102811,2018,8,"10/28/2018",20:20:00,"MIN","NO"
2018102900,2018,8,"10/29/2018",20:15:00,"BUF","NE"
2018110100,2018,9,"11/01/2018",20:20:00,"SF","OAK"
2018110400,2018,9,"11/04/2018",13:00:00,"BAL","PIT"
2018110401,2018,9,"11/04/2018",13:00:00,"BUF","CHI"
2018110402,2018,9,"11/04/2018",13:00:00,"CAR","TB"
2018110403,2018,9,"11/04/2018",13:00:00,"CLE","KC"
2018110404,2018,9,"11/04/2018",13:00:00,"MIA","NYJ"
2018110405,2018,9,"11/04/2018",13:00:00,"MIN","DET"
2018110406,2018,9,"11/04/2018",13:00:00,"WAS","ATL"
2018110407,2018,9,"11/04/2018",16:05:00,"DEN","HOU"
2018110408,2018,9,"11/04/2018",16:05:00,"SEA","LAC"
2018110409,2018,9,"11/04/2018",16:25:00,"NO","LA"
2018110410,2018,9,"11/04/2018",20:20:00,"NE","GB"
2018110500,2018,9,"11/05/2018",20:15:00,"DAL","TEN"
2018110800,2018,10,"11/08/2018",20:20:00,"PIT","CAR"
2018111100,2018,10,"11/11/2018",13:00:00,"CHI","DET"
2018111101,2018,10,"11/11/2018",13:00:00,"CIN","NO"
2018111102,2018,10,"11/11/2018",13:00:00,"CLE","ATL"
2018111103,2018,10,"11/11/2018",16:25:00,"GB","MIA"
2018111104,2018,10,"11/11/2018",13:00:00,"IND","JAX"
2018111105,2018,10,"11/11/2018",13:00:00,"KC","ARI"
2018111106,2018,10,"11/11/2018",13:00:00,"NYJ","BUF"
2018111107,2018,10,"11/11/2018",13:00:00,"TB","WAS"
2018111108,2018,10,"11/11/2018",13:00:00,"TEN","NE"
2018111109,2018,10,"11/11/2018",16:05:00,"OAK","LAC"
2018111110,2018,10,"11/11/2018",16:25:00,"LA","SEA"
2018111111,2018,10,"11/11/2018",20:20:00,"PHI","DAL"
2018111200,2018,10,"11/12/2018",20:15:00,"SF","NYG"
2018111500,2018,11,"11/15/2018",20:20:00,"SEA","GB"
2018111800,2018,11,"11/18/2018",13:00:00,"ATL","DAL"
2018111801,2018,11,"11/18/2018",13:00:00,"BAL","CIN"
2018111802,2018,11,"11/18/2018",20:20:00,"CHI","MIN"
2018111803,2018,11,"11/18/2018",13:00:00,"DET","CAR"
2018111804,2018,11,"11/18/2018",13:00:00,"IND","TEN"
2018111805,2018,11,"11/18/2018",13:00:00,"NYG","TB"
2018111806,2018,11,"11/18/2018",13:00:00,"WAS","HOU"
2018111807,2018,11,"11/18/2018",16:05:00,"ARI","OAK"
2018111808,2018,11,"11/18/2018",16:05:00,"LAC","DEN"
2018111809,2018,11,"11/18/2018",16:25:00,"NO","PHI"
2018111810,2018,11,"11/18/2018",13:00:00,"JAX","PIT"
2018111900,2018,11,"11/19/2018",20:15:00,"LA","KC"
2018112200,2018,12,"11/22/2018",12:30:00,"DET","CHI"
2018112201,2018,12,"11/22/2018",16:30:00,"DAL","WAS"
2018112202,2018,12,"11/22/2018",20:20:00,"NO","ATL"
2018112500,2018,12,"11/25/2018",13:00:00,"BAL","OAK"
2018112501,2018,12,"11/25/2018",13:00:00,"BUF","JAX"
2018112502,2018,12,"11/25/2018",13:00:00,"CAR","SEA"
2018112503,2018,12,"11/25/2018",13:00:00,"CIN","CLE"
2018112504,2018,12,"11/25/2018",16:25:00,"IND","MIA"
2018112505,2018,12,"11/25/2018",13:00:00,"NYJ","NE"
2018112506,2018,12,"11/25/2018",13:00:00,"PHI","NYG"
2018112507,2018,12,"11/25/2018",13:00:00,"TB","SF"
2018112508,2018,12,"11/25/2018",16:05:00,"LAC","ARI"
2018112509,2018,12,"11/25/2018",16:25:00,"DEN","PIT"
2018112510,2018,12,"11/25/2018",20:20:00,"MIN","GB"
2018112600,2018,12,"11/26/2018",20:15:00,"HOU","TEN"
2018112900,2018,13,"11/29/2018",20:20:00,"DAL","NO"
2018120200,2018,13,"12/02/2018",13:00:00,"ATL","BAL"
2018120201,2018,13,"12/02/2018",13:00:00,"CIN","DEN"
2018120202,2018,13,"12/02/2018",13:00:00,"DET","LA"
2018120203,2018,13,"12/02/2018",13:00:00,"GB","ARI"
2018120204,2018,13,"12/02/2018",13:00:00,"HOU","CLE"
2018120205,2018,13,"12/02/2018",13:00:00,"JAX","IND"
2018120206,2018,13,"12/02/2018",13:00:00,"MIA","BUF"
2018120207,2018,13,"12/02/2018",13:00:00,"NYG","CHI"
2018120208,2018,13,"12/02/2018",20:20:00,"PIT","LAC"
2018120209,2018,13,"12/02/2018",13:00:00,"TB","CAR"
2018120210,2018,13,"12/02/2018",16:05:00,"OAK","KC"
2018120211,2018,13,"12/02/2018",16:05:00,"TEN","NYJ"
2018120212,2018,13,"12/02/2018",16:25:00,"NE","MIN"
2018120213,2018,13,"12/02/2018",16:25:00,"SEA","SF"
2018120300,2018,13,"12/03/2018",20:15:00,"PHI","WAS"
2018120600,2018,14,"12/06/2018",20:20:00,"TEN","JAX"
2018120900,2018,14,"12/09/2018",13:00:00,"BUF","NYJ"
2018120901,2018,14,"12/09/2018",20:20:00,"CHI","LA"
2018120902,2018,14,"12/09/2018",13:00:00,"CLE","CAR"
2018120903,2018,14,"12/09/2018",13:00:00,"GB","ATL"
2018120904,2018,14,"12/09/2018",13:00:00,"HOU","IND"
2018120905,2018,14,"12/09/2018",13:00:00,"KC","BAL"
2018120906,2018,14,"12/09/2018",13:00:00,"MIA","NE"
2018120907,2018,14,"12/09/2018",13:00:00,"TB","NO"
2018120908,2018,14,"12/09/2018",13:00:00,"WAS","NYG"
2018120909,2018,14,"12/09/2018",16:05:00,"LAC","CIN"
2018120910,2018,14,"12/09/2018",16:05:00,"SF","DEN"
2018120911,2018,14,"12/09/2018",16:25:00,"ARI","DET"
2018120912,2018,14,"12/09/2018",16:25:00,"DAL","PHI"
2018120913,2018,14,"12/09/2018",16:25:00,"OAK","PIT"
2018121000,2018,14,"12/10/2018",20:15:00,"SEA","MIN"
2018121300,2018,15,"12/13/2018",20:20:00,"KC","LAC"
2018121500,2018,15,"12/15/2018",16:30:00,"NYJ","HOU"
2018121501,2018,15,"12/15/2018",20:20:00,"DEN","CLE"
2018121600,2018,15,"12/16/2018",13:00:00,"ATL","ARI"
2018121601,2018,15,"12/16/2018",13:00:00,"BAL","TB"
2018121602,2018,15,"12/16/2018",13:00:00,"BUF","DET"
2018121603,2018,15,"12/16/2018",13:00:00,"CHI","GB"
2018121604,2018,15,"12/16/2018",13:00:00,"CIN","OAK"
2018121605,2018,15,"12/16/2018",13:00:00,"IND","DAL"
2018121606,2018,15,"12/16/2018",13:00:00,"JAX","WAS"
2018121607,2018,15,"12/16/2018",13:00:00,"MIN","MIA"
2018121608,2018,15,"12/16/2018",13:00:00,"NYG","TEN"
2018121609,2018,15,"12/16/2018",16:05:00,"SF","SEA"
2018121610,2018,15,"12/16/2018",16:25:00,"PIT","NE"
2018121611,2018,15,"12/16/2018",20:20:00,"LA","PHI"
2018121700,2018,15,"12/17/2018",20:15:00,"CAR","NO"
2018122200,2018,16,"12/22/2018",16:30:00,"TEN","WAS"
2018122201,2018,16,"12/22/2018",20:20:00,"LAC","BAL"
2018122300,2018,16,"12/23/2018",13:00:00,"IND","NYG"
2018122302,2018,16,"12/23/2018",13:00:00,"MIA","JAX"
2018122304,2018,16,"12/23/2018",13:00:00,"CAR","ATL"
2018122305,2018,16,"12/23/2018",13:00:00,"CLE","CIN"
2018122306,2018,16,"12/23/2018",13:00:00,"DAL","TB"
2018122307,2018,16,"12/23/2018",13:00:00,"DET","MIN"
2018122308,2018,16,"12/23/2018",13:00:00,"NE","BUF"
2018122309,2018,16,"12/23/2018",13:00:00,"NYJ","GB"
2018122310,2018,16,"12/23/2018",13:00:00,"PHI","HOU"
2018122311,2018,16,"12/23/2018",16:05:00,"ARI","LA"
2018122312,2018,16,"12/23/2018",16:05:00,"SF","CHI"
2018122313,2018,16,"12/23/2018",16:25:00,"NO","PIT"
2018122314,2018,16,"12/23/2018",20:20:00,"SEA","KC"
2018122400,2018,16,"12/24/2018",20:15:00,"OAK","DEN"
2018123000,2018,17,"12/30/2018",16:25:00,"BAL","CLE"
2018123001,2018,17,"12/30/2018",13:00:00,"BUF","MIA"
2018123002,2018,17,"12/30/2018",13:00:00,"GB","DET"
2018123003,2018,17,"12/30/2018",13:00:00,"HOU","JAX"
2018123004,2018,17,"12/30/2018",16:25:00,"KC","OAK"
2018123005,2018,17,"12/30/2018",16:25:00,"MIN","CHI"
2018123006,2018,17,"12/30/2018",13:00:00,"NE","NYJ"
2018123007,2018,17,"12/30/2018",13:00:00,"NO","CAR"
2018123008,2018,17,"12/30/2018",13:00:00,"NYG","DAL"
2018123009,2018,17,"12/30/2018",16:25:00,"PIT","CIN"
2018123010,2018,17,"12/30/2018",13:00:00,"TB","ATL"
2018123011,2018,17,"12/30/2018",20:20:00,"TEN","IND"
2018123012,2018,17,"12/30/2018",16:25:00,"WAS","PHI"
2018123013,2018,17,"12/30/2018",16:25:00,"DEN","LAC"
2018123014,2018,17,"12/30/2018",16:25:00,"LA","SF"
2018123015,2018,17,"12/30/2018",16:25:00,"SEA","ARI"
2019090500,2019,1,"09/05/2019",20:20:00,"CHI","GB"
2019090800,2019,1,"09/08/2019",13:00:00,"CAR","LA"
2019090801,2019,1,"09/08/2019",13:00:00,"CLE","TEN"
2019090802,2019,1,"09/08/2019",13:00:00,"JAX","KC"
2019090803,2019,1,"09/08/2019",13:00:00,"MIA","BAL"
2019090804,2019,1,"09/08/2019",13:00:00,"MIN","ATL"
2019090805,2019,1,"09/08/2019",13:00:00,"NYJ","BUF"
2019090806,2019,1,"09/08/2019",13:00:00,"PHI","WAS"
2019090807,2019,1,"09/08/2019",16:05:00,"LAC","IND"
2019090808,2019,1,"09/08/2019",16:05:00,"SEA","CIN"
2019090809,2019,1,"09/08/2019",16:25:00,"ARI","DET"
2019090810,2019,1,"09/08/2019",16:25:00,"DAL","NYG"
2019090811,2019,1,"09/08/2019",16:25:00,"TB","SF"
2019090812,2019,1,"09/08/2019",20:20:00,"NE","PIT"
2019090900,2019,1,"09/09/2019",19:10:00,"NO","HOU"
2019090901,2019,1,"09/09/2019",22:20:00,"OAK","DEN"
2019091200,2019,2,"09/12/2019",20:20:00,"CAR","TB"
2019091500,2019,2,"09/15/2019",13:00:00,"BAL","ARI"
2019091501,2019,2,"09/15/2019",13:00:00,"CIN","SF"
2019091502,2019,2,"09/15/2019",13:00:00,"DET","LAC"
2019091503,2019,2,"09/15/2019",13:00:00,"GB","MIN"
2019091504,2019,2,"09/15/2019",13:00:00,"HOU","JAX"
2019091505,2019,2,"09/15/2019",13:00:00,"MIA","NE"
2019091506,2019,2,"09/15/2019",13:00:00,"NYG","BUF"
2019091507,2019,2,"09/15/2019",13:00:00,"PIT","SEA"
2019091508,2019,2,"09/15/2019",13:00:00,"TEN","IND"
2019091509,2019,2,"09/15/2019",13:00:00,"WAS","DAL"
2019091510,2019,2,"09/15/2019",16:05:00,"OAK","KC"
2019091511,2019,2,"09/15/2019",16:25:00,"DEN","CHI"
2019091512,2019,2,"09/15/2019",16:25:00,"LA","NO"
2019091513,2019,2,"09/15/2019",20:20:00,"ATL","PHI"
2019091600,2019,2,"09/16/2019",20:15:00,"NYJ","CLE"
2019091900,2019,3,"09/19/2019",20:20:00,"JAX","TEN"
2019092200,2019,3,"09/22/2019",13:00:00,"BUF","CIN"
2019092201,2019,3,"09/22/2019",13:00:00,"DAL","MIA"
2019092202,2019,3,"09/22/2019",13:00:00,"GB","DEN"
2019092203,2019,3,"09/22/2019",13:00:00,"IND","ATL"
2019092204,2019,3,"09/22/2019",13:00:00,"KC","BAL"
2019092205,2019,3,"09/22/2019",13:00:00,"MIN","OAK"
2019092206,2019,3,"09/22/2019",13:00:00,"NE","NYJ"
2019092207,2019,3,"09/22/2019",13:00:00,"PHI","DET"
2019092208,2019,3,"09/22/2019",16:05:00,"ARI","CAR"
2019092209,2019,3,"09/22/2019",16:05:00,"TB","NYG"
2019092210,2019,3,"09/22/2019",16:25:00,"LAC","HOU"
2019092211,2019,3,"09/22/2019",16:25:00,"SEA","NO"
2019092212,2019,3,"09/22/2019",16:25:00,"SF","PIT"
2019092213,2019,3,"09/22/2019",20:20:00,"CLE","LA"
2019092300,2019,3,"09/23/2019",20:15:00,"WAS","CHI"
2019092600,2019,4,"09/26/2019",20:20:00,"GB","PHI"
2019092900,2019,4,"09/29/2019",13:00:00,"ATL","TEN"
2019092901,2019,4,"09/29/2019",13:00:00,"BAL","CLE"
2019092902,2019,4,"09/29/2019",13:00:00,"BUF","NE"
2019092903,2019,4,"09/29/2019",13:00:00,"DET","KC"
2019092904,2019,4,"09/29/2019",13:00:00,"HOU","CAR"
2019092905,2019,4,"09/29/2019",13:00:00,"IND","OAK"
2019092906,2019,4,"09/29/2019",13:00:00,"MIA","LAC"
2019092907,2019,4,"09/29/2019",13:00:00,"NYG","WAS"
2019092908,2019,4,"09/29/2019",16:05:00,"ARI","SEA"
2019092909,2019,4,"09/29/2019",16:05:00,"LA","TB"
2019092911,2019,4,"09/29/2019",16:25:00,"DEN","JAX"
2019092912,2019,4,"09/29/2019",20:20:00,"NO","DAL"
2019093000,2019,4,"09/30/2019",20:15:00,"PIT","CIN"
2019100300,2019,5,"10/03/2019",20:20:00,"SEA","LA"
2019100600,2019,5,"10/06/2019",13:00:00,"CAR","JAX"
2019100601,2019,5,"10/06/2019",13:00:00,"CIN","ARI"
2019100602,2019,5,"10/06/2019",13:00:00,"HOU","ATL"
2019100603,2019,5,"10/06/2019",13:00:00,"NO","TB"
2019100604,2019,5,"10/06/2019",13:00:00,"NYG","MIN"
2019100605,2019,5,"10/06/2019",13:00:00,"OAK","CHI"
2019100606,2019,5,"10/06/2019",13:00:00,"PHI","NYJ"
2019100607,2019,5,"10/06/2019",13:00:00,"PIT","BAL"
2019100608,2019,5,"10/06/2019",13:00:00,"TEN","BUF"
2019100609,2019,5,"10/06/2019",13:00:00,"WAS","NE"
2019100610,2019,5,"10/06/2019",16:05:00,"LAC","DEN"
2019100611,2019,5,"10/06/2019",16:25:00,"DAL","GB"
2019100612,2019,5,"10/06/2019",20:20:00,"KC","IND"
2019100700,2019,5,"10/07/2019",20:15:00,"SF","CLE"
2019101000,2019,6,"10/10/2019",20:20:00,"NE","NYG"
2019101300,2019,6,"10/13/2019",09:30:00,"TB","CAR"
2019101301,2019,6,"10/13/2019",13:00:00,"BAL","CIN"
2019101302,2019,6,"10/13/2019",13:00:00,"CLE","SEA"
2019101303,2019,6,"10/13/2019",13:00:00,"JAX","NO"
2019101304,2019,6,"10/13/2019",13:00:00,"KC","HOU"
2019101305,2019,6,"10/13/2019",13:00:00,"MIA","WAS"
2019101306,2019,6,"10/13/2019",13:00:00,"MIN","PHI"
2019101307,2019,6,"10/13/2019",16:05:00,"ARI","ATL"
2019101308,2019,6,"10/13/2019",16:05:00,"LA","SF"
2019101309,2019,6,"10/13/2019",16:25:00,"DEN","TEN"
2019101310,2019,6,"10/13/2019",16:25:00,"NYJ","DAL"
2019101311,2019,6,"10/13/2019",20:20:00,"LAC","PIT"
2019101400,2019,6,"10/14/2019",20:15:00,"GB","DET"
2019101700,2019,7,"10/17/2019",20:20:00,"DEN","KC"
2019102000,2019,7,"10/20/2019",13:00:00,"ATL","LA"
2019102001,2019,7,"10/20/2019",13:00:00,"BUF","MIA"
2019102002,2019,7,"10/20/2019",13:00:00,"CIN","JAX"
2019102003,2019,7,"10/20/2019",13:00:00,"DET","MIN"
2019102004,2019,7,"10/20/2019",13:00:00,"GB","OAK"
2019102005,2019,7,"10/20/2019",13:00:00,"IND","HOU"
2019102006,2019,7,"10/20/2019",13:00:00,"NYG","ARI"
2019102007,2019,7,"10/20/2019",13:00:00,"WAS","SF"
2019102008,2019,7,"10/20/2019",16:05:00,"TEN","LAC"
2019102009,2019,7,"10/20/2019",16:25:00,"CHI","NO"
2019102010,2019,7,"10/20/2019",16:25:00,"SEA","BAL"
2019102011,2019,7,"10/20/2019",20:20:00,"DAL","PHI"
2019102100,2019,7,"10/21/2019",20:15:00,"NYJ","NE"
2019102400,2019,8,"10/24/2019",20:20:00,"MIN","WAS"
2019102700,2019,8,"10/27/2019",13:00:00,"ATL","SEA"
2019102701,2019,8,"10/27/2019",13:00:00,"BUF","PHI"
2019102702,2019,8,"10/27/2019",13:00:00,"CHI","LAC"
2019102703,2019,8,"10/27/2019",13:00:00,"DET","NYG"
2019102704,2019,8,"10/27/2019",16:25:00,"HOU","OAK"
2019102705,2019,8,"10/27/2019",13:00:00,"JAX","NYJ"
2019102706,2019,8,"10/27/2019",13:00:00,"LA","CIN"
2019102707,2019,8,"10/27/2019",13:00:00,"NO","ARI"
2019102708,2019,8,"10/27/2019",13:00:00,"TEN","TB"
2019102709,2019,8,"10/27/2019",16:05:00,"SF","CAR"
2019102710,2019,8,"10/27/2019",13:00:00,"IND","DEN"
2019102711,2019,8,"10/27/2019",16:25:00,"NE","CLE"
2019102712,2019,8,"10/27/2019",20:20:00,"KC","GB"
2019102800,2019,8,"10/28/2019",20:15:00,"PIT","MIA"
2019103100,2019,9,"10/31/2019",20:20:00,"ARI","SF"
2019110300,2019,9,"11/03/2019",09:30:00,"JAX","HOU"
2019110301,2019,9,"11/03/2019",13:00:00,"BUF","WAS"
2019110302,2019,9,"11/03/2019",13:00:00,"CAR","TEN"
2019110303,2019,9,"11/03/2019",13:00:00,"KC","MIN"
2019110304,2019,9,"11/03/2019",13:00:00,"MIA","NYJ"
2019110305,2019,9,"11/03/2019",13:00:00,"PHI","CHI"
2019110306,2019,9,"11/03/2019",13:00:00,"PIT","IND"
2019110307,2019,9,"11/03/2019",16:05:00,"OAK","DET"
2019110308,2019,9,"11/03/2019",16:05:00,"SEA","TB"
2019110309,2019,9,"11/03/2019",16:25:00,"DEN","CLE"
2019110310,2019,9,"11/03/2019",16:25:00,"LAC","GB"
2019110311,2019,9,"11/03/2019",20:20:00,"BAL","NE"
2019110400,2019,9,"11/04/2019",20:15:00,"NYG","DAL"
2019110700,2019,10,"11/07/2019",20:20:00,"OAK","LAC"
2019111000,2019,10,"11/10/2019",13:00:00,"CHI","DET"
2019111001,2019,10,"11/10/2019",13:00:00,"CIN","BAL"
2019111002,2019,10,"11/10/2019",13:00:00,"CLE","BUF"
2019111003,2019,10,"11/10/2019",16:25:00,"GB","CAR"
2019111004,2019,10,"11/10/2019",13:00:00,"NO","ATL"
2019111005,2019,10,"11/10/2019",13:00:00,"NYJ","NYG"
2019111006,2019,10,"11/10/2019",13:00:00,"TB","ARI"
2019111007,2019,10,"11/10/2019",13:00:00,"TEN","KC"
2019111008,2019,10,"11/10/2019",16:05:00,"IND","MIA"
2019111009,2019,10,"11/10/2019",16:25:00,"PIT","LA"
2019111010,2019,10,"11/10/2019",20:20:00,"DAL","MIN"
2019111100,2019,10,"11/11/2019",20:15:00,"SF","SEA"
2019111400,2019,11,"11/14/2019",20:20:00,"CLE","PIT"
2019111700,2019,11,"11/17/2019",13:00:00,"BAL","HOU"
2019111701,2019,11,"11/17/2019",13:00:00,"CAR","ATL"
2019111702,2019,11,"11/17/2019",13:00:00,"DET","DAL"
2019111703,2019,11,"11/17/2019",13:00:00,"IND","JAX"
2019111704,2019,11,"11/17/2019",13:00:00,"MIA","BUF"
2019111705,2019,11,"11/17/2019",13:00:00,"MIN","DEN"
2019111706,2019,11,"11/17/2019",13:00:00,"TB","NO"
2019111707,2019,11,"11/17/2019",13:00:00,"WAS","NYJ"
2019111708,2019,11,"11/17/2019",16:05:00,"SF","ARI"
2019111709,2019,11,"11/17/2019",16:25:00,"OAK","CIN"
2019111710,2019,11,"11/17/2019",16:25:00,"PHI","NE"
2019111711,2019,11,"11/17/2019",20:20:00,"LA","CHI"
2019111800,2019,11,"11/18/2019",20:15:00,"LAC","KC"
2019112100,2019,12,"11/21/2019",20:20:00,"HOU","IND"
2019112400,2019,12,"11/24/2019",13:00:00,"ATL","TB"
2019112401,2019,12,"11/24/2019",13:00:00,"BUF","DEN"
2019112402,2019,12,"11/24/2019",13:00:00,"CHI","NYG"
2019112403,2019,12,"11/24/2019",13:00:00,"CIN","PIT"
2019112404,2019,12,"11/24/2019",13:00:00,"CLE","MIA"
2019112405,2019,12,"11/24/2019",13:00:00,"NO","CAR"
2019112406,2019,12,"11/24/2019",13:00:00,"NYJ","OAK"
2019112407,2019,12,"11/24/2019",13:00:00,"WAS","DET"
2019112408,2019,12,"11/24/2019",16:05:00,"TEN","JAX"
2019112409,2019,12,"11/24/2019",16:25:00,"NE","DAL"
2019112410,2019,12,"11/24/2019",20:20:00,"SF","GB"
2019112411,2019,12,"11/24/2019",13:00:00,"PHI","SEA"
2019112500,2019,12,"11/25/2019",20:15:00,"LA","BAL"
2019112800,2019,13,"11/28/2019",12:30:00,"DET","CHI"
2019112801,2019,13,"11/28/2019",16:30:00,"DAL","BUF"
2019112802,2019,13,"11/28/2019",20:20:00,"ATL","NO"
2019120100,2019,13,"12/01/2019",13:00:00,"BAL","SF"
2019120101,2019,13,"12/01/2019",13:00:00,"CAR","WAS"
2019120102,2019,13,"12/01/2019",13:00:00,"CIN","NYJ"
2019120103,2019,13,"12/01/2019",13:00:00,"IND","TEN"
2019120104,2019,13,"12/01/2019",13:00:00,"JAX","TB"
2019120105,2019,13,"12/01/2019",16:25:00,"KC","OAK"
2019120106,2019,13,"12/01/2019",13:00:00,"MIA","PHI"
2019120107,2019,13,"12/01/2019",13:00:00,"NYG","GB"
2019120108,2019,13,"12/01/2019",16:05:00,"ARI","LA"
2019120109,2019,13,"12/01/2019",16:25:00,"DEN","LAC"
2019120110,2019,13,"12/01/2019",13:00:00,"PIT","CLE"
2019120111,2019,13,"12/01/2019",20:20:00,"HOU","NE"
2019120200,2019,13,"12/02/2019",20:15:00,"SEA","MIN"
2019120500,2019,14,"12/05/2019",20:20:00,"CHI","DAL"
2019120800,2019,14,"12/08/2019",13:00:00,"ATL","CAR"
2019120801,2019,14,"12/08/2019",13:00:00,"BUF","BAL"
2019120802,2019,14,"12/08/2019",13:00:00,"CLE","CIN"
2019120803,2019,14,"12/08/2019",13:00:00,"GB","WAS"
2019120804,2019,14,"12/08/2019",13:00:00,"HOU","DEN"
2019120805,2019,14,"12/08/2019",13:00:00,"MIN","DET"
2019120806,2019,14,"12/08/2019",13:00:00,"NO","SF"
2019120807,2019,14,"12/08/2019",13:00:00,"NYJ","MIA"
2019120808,2019,14,"12/08/2019",13:00:00,"TB","IND"
2019120809,2019,14,"12/08/2019",16:05:00,"JAX","LAC"
2019120810,2019,14,"12/08/2019",16:25:00,"ARI","PIT"
2019120811,2019,14,"12/08/2019",16:25:00,"NE","KC"
2019120812,2019,14,"12/08/2019",16:25:00,"OAK","TEN"
2019120813,2019,14,"12/08/2019",20:20:00,"LA","SEA"
2019120900,2019,14,"12/09/2019",20:15:00,"PHI","NYG"
2019121200,2019,15,"12/12/2019",20:20:00,"BAL","NYJ"
2019121500,2019,15,"12/15/2019",13:00:00,"CAR","SEA"
2019121501,2019,15,"12/15/2019",13:00:00,"CIN","NE"
2019121502,2019,15,"12/15/2019",13:00:00,"DET","TB"
2019121503,2019,15,"12/15/2019",13:00:00,"GB","CHI"
2019121504,2019,15,"12/15/2019",13:00:00,"KC","DEN"
2019121505,2019,15,"12/15/2019",13:00:00,"NYG","MIA"
2019121506,2019,15,"12/15/2019",20:20:00,"PIT","BUF"
2019121507,2019,15,"12/15/2019",13:00:00,"TEN","HOU"
2019121508,2019,15,"12/15/2019",13:00:00,"WAS","PHI"
2019121509,2019,15,"12/15/2019",16:05:00,"ARI","CLE"
2019121510,2019,15,"12/15/2019",16:05:00,"OAK","JAX"
2019121511,2019,15,"12/15/2019",16:25:00,"DAL","LA"
2019121512,2019,15,"12/15/2019",16:25:00,"SF","ATL"
2019121513,2019,15,"12/15/2019",16:05:00,"LAC","MIN"
2019121600,2019,15,"12/16/2019",20:15:00,"NO","IND"
2019122100,2019,16,"12/21/2019",13:00:00,"TB","HOU"
2019122101,2019,16,"12/21/2019",16:30:00,"NE","BUF"
2019122102,2019,16,"12/21/2019",20:15:00,"SF","LA"
2019122200,2019,16,"12/22/2019",16:05:00,"DEN","DET"
2019122201,2019,16,"12/22/2019",16:05:00,"LAC","OAK"
2019122205,2019,16,"12/22/2019",13:00:00,"ATL","JAX"
2019122206,2019,16,"12/22/2019",13:00:00,"CLE","BAL"
2019122207,2019,16,"12/22/2019",13:00:00,"IND","CAR"
2019122208,2019,16,"12/22/2019",13:00:00,"MIA","CIN"
2019122209,2019,16,"12/22/2019",13:00:00,"NYJ","PIT"
2019122210,2019,16,"12/22/2019",13:00:00,"TEN","NO"
2019122211,2019,16,"12/22/2019",13:00:00,"WAS","NYG"
2019122212,2019,16,"12/22/2019",16:25:00,"PHI","DAL"
2019122213,2019,16,"12/22/2019",16:25:00,"SEA","ARI"
2019122214,2019,16,"12/22/2019",20:20:00,"CHI","KC"
2019122300,2019,16,"12/23/2019",20:15:00,"MIN","GB"
2019122900,2019,17,"12/29/2019",16:25:00,"BAL","PIT"
2019122901,2019,17,"12/29/2019",13:00:00,"BUF","NYJ"
2019122902,2019,17,"12/29/2019",13:00:00,"CAR","NO"
2019122903,2019,17,"12/29/2019",13:00:00,"CIN","CLE"
2019122904,2019,17,"12/29/2019",16:25:00,"DAL","WAS"
2019122905,2019,17,"12/29/2019",13:00:00,"DET","GB"
2019122906,2019,17,"12/29/2019",16:25:00,"HOU","TEN"
2019122907,2019,17,"12/29/2019",16:25:00,"JAX","IND"
2019122908,2019,17,"12/29/2019",13:00:00,"KC","LAC"
2019122909,2019,17,"12/29/2019",13:00:00,"MIN","CHI"
2019122910,2019,17,"12/29/2019",13:00:00,"NE","MIA"
2019122911,2019,17,"12/29/2019",16:25:00,"NYG","PHI"
2019122912,2019,17,"12/29/2019",13:00:00,"TB","ATL"
2019122913,2019,17,"12/29/2019",16:25:00,"DEN","OAK"
2019122914,2019,17,"12/29/2019",16:25:00,"LA","ARI"
2019122915,2019,17,"12/29/2019",20:20:00,"SEA","SF"
2020091000,2020,1,"09/10/2020",20:20:00,"KC","HOU"
2020091300,2020,1,"09/13/2020",13:00:00,"ATL","SEA"
2020091301,2020,1,"09/13/2020",13:00:00,"BAL","CLE"
2020091302,2020,1,"09/13/2020",13:00:00,"BUF","NYJ"
2020091303,2020,1,"09/13/2020",13:00:00,"CAR","LV"
2020091304,2020,1,"09/13/2020",13:00:00,"DET","CHI"
2020091305,2020,1,"09/13/2020",13:00:00,"JAX","IND"
2020091306,2020,1,"09/13/2020",13:00:00,"MIN","GB"
2020091307,2020,1,"09/13/2020",13:00:00,"NE","MIA"
2020091308,2020,1,"09/13/2020",13:00:00,"WAS","PHI"
2020091309,2020,1,"09/13/2020",16:05:00,"CIN","LAC"
2020091310,2020,1,"09/13/2020",16:25:00,"NO","TB"
2020091311,2020,1,"09/13/2020",16:25:00,"SF","ARI"
2020091312,2020,1,"09/13/2020",20:20:00,"LA","DAL"
2020091400,2020,1,"09/14/2020",19:10:00,"NYG","PIT"
2020091401,2020,1,"09/14/2020",22:20:00,"DEN","TEN"
2020091700,2020,2,"09/17/2020",20:20:00,"CLE","CIN"
2020092000,2020,2,"09/20/2020",13:00:00,"CHI","NYG"
2020092001,2020,2,"09/20/2020",13:00:00,"DAL","ATL"
2020092002,2020,2,"09/20/2020",13:00:00,"GB","DET"
2020092003,2020,2,"09/20/2020",13:00:00,"IND","MIN"
2020092004,2020,2,"09/20/2020",13:00:00,"MIA","BUF"
2020092005,2020,2,"09/20/2020",13:00:00,"NYJ","SF"
2020092006,2020,2,"09/20/2020",13:00:00,"PHI","LA"
2020092007,2020,2,"09/20/2020",13:00:00,"PIT","DEN"
2020092008,2020,2,"09/20/2020",13:00:00,"TB","CAR"
2020092009,2020,2,"09/20/2020",13:00:00,"TEN","JAX"
2020092010,2020,2,"09/20/2020",16:05:00,"ARI","WAS"
2020092011,2020,2,"09/20/2020",16:25:00,"HOU","BAL"
2020092012,2020,2,"09/20/2020",16:25:00,"LAC","KC"
2020092013,2020,2,"09/20/2020",20:20:00,"SEA","NE"
2020092100,2020,2,"09/21/2020",20:15:00,"LV","NO"
2020092400,2020,3,"09/24/2020",20:20:00,"JAX","MIA"
2020092700,2020,3,"09/27/2020",13:00:00,"ATL","CHI"
2020092701,2020,3,"09/27/2020",13:00:00,"BUF","LA"
2020092702,2020,3,"09/27/2020",13:00:00,"CLE","WAS"
2020092703,2020,3,"09/27/2020",13:00:00,"MIN","TEN"
2020092704,2020,3,"09/27/2020",13:00:00,"NE","LV"
2020092705,2020,3,"09/27/2020",13:00:00,"NYG","SF"
2020092706,2020,3,"09/27/2020",13:00:00,"PHI","CIN"
2020092707,2020,3,"09/27/2020",13:00:00,"PIT","HOU"
2020092708,2020,3,"09/27/2020",16:05:00,"IND","NYJ"
2020092709,2020,3,"09/27/2020",16:05:00,"LAC","CAR"
2020092710,2020,3,"09/27/2020",16:25:00,"ARI","DET"
2020092711,2020,3,"09/27/2020",16:25:00,"DEN","TB"
2020092712,2020,3,"09/27/2020",16:25:00,"SEA","DAL"
2020092713,2020,3,"09/27/2020",20:20:00,"NO","GB"
2020092800,2020,3,"09/28/2020",20:15:00,"BAL","KC"
2020100100,2020,4,"10/01/2020",20:20:00,"NYJ","DEN"
2020100400,2020,4,"10/04/2020",13:00:00,"CAR","ARI"
2020100401,2020,4,"10/04/2020",16:25:00,"CHI","IND"
2020100402,2020,4,"10/04/2020",13:00:00,"CIN","JAX"
2020100403,2020,4,"10/04/2020",13:00:00,"DAL","CLE"
2020100404,2020,4,"10/04/2020",13:00:00,"DET","NO"
2020100405,2020,4,"10/04/2020",13:00:00,"HOU","MIN"
2020100406,2020,4,"10/04/2020",13:00:00,"MIA","SEA"
2020100407,2020,4,"10/04/2020",13:00:00,"TB","LAC"
2020100409,2020,4,"10/04/2020",13:00:00,"WAS","BAL"
2020100410,2020,4,"10/04/2020",16:05:00,"LA","NYG"
2020100412,2020,4,"10/04/2020",16:25:00,"LV","BUF"
2020100413,2020,4,"10/04/2020",20:20:00,"SF","PHI"
2020100500,2020,4,"10/05/2020",21:00:00,"GB","ATL"
2020100501,2020,4,"10/05/2020",19:05:00,"KC","NE"
2020100800,2020,5,"10/08/2020",20:20:00,"CHI","TB"
2020101100,2020,5,"10/11/2020",13:00:00,"ATL","CAR"
2020101101,2020,5,"10/11/2020",13:00:00,"BAL","CIN"
2020101102,2020,5,"10/11/2020",13:00:00,"HOU","JAX"
2020101103,2020,5,"10/11/2020",13:00:00,"KC","LV"
2020101105,2020,5,"10/11/2020",13:00:00,"NYJ","ARI"
2020101106,2020,5,"10/11/2020",13:00:00,"PIT","PHI"
2020101108,2020,5,"10/11/2020",13:00:00,"WAS","LA"
2020101109,2020,5,"10/11/2020",16:05:00,"SF","MIA"
2020101110,2020,5,"10/11/2020",16:25:00,"CLE","IND"
2020101111,2020,5,"10/11/2020",16:25:00,"DAL","NYG"
2020101112,2020,5,"10/11/2020",20:20:00,"SEA","MIN"
2020101200,2020,5,"10/12/2020",20:15:00,"NO","LAC"
2020101300,2020,5,"10/13/2020",19:00:00,"TEN","BUF"
2020101800,2020,6,"10/18/2020",13:00:00,"CAR","CHI"
2020101801,2020,6,"10/18/2020",13:00:00,"IND","CIN"
2020101802,2020,6,"10/18/2020",13:00:00,"JAX","DET"
2020101803,2020,6,"10/18/2020",13:00:00,"MIN","ATL"
2020101804,2020,6,"10/18/2020",13:00:00,"NYG","WAS"
2020101805,2020,6,"10/18/2020",13:00:00,"PHI","BAL"
2020101806,2020,6,"10/18/2020",13:00:00,"PIT","CLE"
2020101807,2020,6,"10/18/2020",13:00:00,"TEN","HOU"
2020101810,2020,6,"10/18/2020",16:25:00,"TB","GB"
2020101811,2020,6,"10/18/2020",20:20:00,"SF","LA"
2020101812,2020,6,"10/18/2020",13:00:00,"NE","DEN"
2020101813,2020,6,"10/18/2020",16:05:00,"MIA","NYJ"
2020101900,2020,6,"10/19/2020",20:15:00,"DAL","ARI"
2020101901,2020,6,"10/19/2020",17:00:00,"BUF","KC"
2020102200,2020,7,"10/22/2020",20:20:00,"PHI","NYG"
2020102500,2020,7,"10/25/2020",13:00:00,"ATL","DET"
2020102502,2020,7,"10/25/2020",13:00:00,"CIN","CLE"
2020102503,2020,7,"10/25/2020",13:00:00,"HOU","GB"
2020102505,2020,7,"10/25/2020",13:00:00,"NO","CAR"
2020102506,2020,7,"10/25/2020",13:00:00,"NYJ","BUF"
2020102507,2020,7,"10/25/2020",13:00:00,"WAS","DAL"
2020102508,2020,7,"10/25/2020",20:20:00,"ARI","SEA"
2020102509,2020,7,"10/25/2020",16:25:00,"DEN","KC"
2020102510,2020,7,"10/25/2020",16:25:00,"NE","SF"
2020102511,2020,7,"10/25/2020",16:05:00,"LV","TB"
2020102512,2020,7,"10/25/2020",13:00:00,"TEN","PIT"
2020102513,2020,7,"10/25/2020",16:25:00,"LAC","JAX"
2020102600,2020,7,"10/26/2020",20:15:00,"LA","CHI"
2020102900,2020,8,"10/29/2020",20:20:00,"CAR","ATL"
2020110100,2020,8,"11/01/2020",13:00:00,"BUF","NE"
2020110101,2020,8,"11/01/2020",13:00:00,"CIN","TEN"
2020110102,2020,8,"11/01/2020",13:00:00,"CLE","LV"
2020110103,2020,8,"11/01/2020",13:00:00,"DET","IND"
2020110104,2020,8,"11/01/2020",13:00:00,"GB","MIN"
2020110105,2020,8,"11/01/2020",13:00:00,"KC","NYJ"
2020110106,2020,8,"11/01/2020",13:00:00,"MIA","LA"
2020110108,2020,8,"11/01/2020",16:25:00,"CHI","NO"
2020110109,2020,8,"11/01/2020",16:25:00,"SEA","SF"
2020110110,2020,8,"11/01/2020",20:20:00,"PHI","DAL"
2020110111,2020,8,"11/01/2020",13:00:00,"BAL","PIT"
2020110112,2020,8,"11/01/2020",16:05:00,"DEN","LAC"
2020110200,2020,8,"11/02/2020",20:15:00,"NYG","TB"
2020110500,2020,9,"11/05/2020",20:20:00,"SF","GB"
2020110800,2020,9,"11/08/2020",13:00:00,"ATL","DEN"
2020110801,2020,9,"11/08/2020",13:00:00,"BUF","SEA"
2020110802,2020,9,"11/08/2020",13:00:00,"IND","BAL"
2020110803,2020,9,"11/08/2020",13:00:00,"JAX","HOU"
2020110804,2020,9,"11/08/2020",13:00:00,"KC","CAR"
2020110805,2020,9,"11/08/2020",13:00:00,"MIN","DET"
2020110806,2020,9,"11/08/2020",13:00:00,"TEN","CHI"
2020110807,2020,9,"11/08/2020",13:00:00,"WAS","NYG"
2020110808,2020,9,"11/08/2020",16:05:00,"LAC","LV"
2020110809,2020,9,"11/08/2020",16:25:00,"ARI","MIA"
2020110810,2020,9,"11/08/2020",16:25:00,"DAL","PIT"
2020110811,2020,9,"11/08/2020",20:20:00,"TB","NO"
2020110900,2020,9,"11/09/2020",20:15:00,"NYJ","NE"
2020111200,2020,10,"11/12/2020",20:20:00,"TEN","IND"
2020111500,2020,10,"11/15/2020",13:00:00,"CAR","TB"
2020111501,2020,10,"11/15/2020",13:00:00,"CLE","HOU"
2020111502,2020,10,"11/15/2020",13:00:00,"DET","WAS"
2020111503,2020,10,"11/15/2020",13:00:00,"GB","JAX"
2020111504,2020,10,"11/15/2020",13:00:00,"NYG","PHI"
2020111505,2020,10,"11/15/2020",16:25:00,"PIT","CIN"
2020111506,2020,10,"11/15/2020",16:05:00,"ARI","BUF"
2020111507,2020,10,"11/15/2020",16:05:00,"LV","DEN"
2020111509,2020,10,"11/15/2020",16:25:00,"LA","SEA"
2020111510,2020,10,"11/15/2020",16:25:00,"NO","SF"
2020111511,2020,10,"11/15/2020",20:20:00,"NE","BAL"
2020111512,2020,10,"11/15/2020",16:05:00,"MIA","LAC"
2020111600,2020,10,"11/16/2020",20:15:00,"CHI","MIN"
2020111900,2020,11,"11/19/2020",20:20:00,"SEA","ARI"
2020112200,2020,11,"11/22/2020",13:00:00,"BAL","TEN"
2020112201,2020,11,"11/22/2020",13:00:00,"CAR","DET"
2020112202,2020,11,"11/22/2020",13:00:00,"CLE","PHI"
2020112203,2020,11,"11/22/2020",13:00:00,"HOU","NE"
2020112204,2020,11,"11/22/2020",16:25:00,"IND","GB"
2020112205,2020,11,"11/22/2020",13:00:00,"JAX","PIT"
2020112206,2020,11,"11/22/2020",13:00:00,"NO","ATL"
2020112207,2020,11,"11/22/2020",13:00:00,"WAS","CIN"
2020112209,2020,11,"11/22/2020",16:25:00,"MIN","DAL"
2020112210,2020,11,"11/22/2020",20:20:00,"LV","KC"
2020112211,2020,11,"11/22/2020",16:05:00,"DEN","MIA"
2020112212,2020,11,"11/22/2020",16:05:00,"LAC","NYJ"
2020112300,2020,11,"11/23/2020",20:15:00,"TB","LA"
2020112600,2020,12,"11/26/2020",12:30:00,"DET","HOU"
2020112601,2020,12,"11/26/2020",16:30:00,"DAL","WAS"
2020112900,2020,12,"11/29/2020",13:00:00,"ATL","LV"
2020112901,2020,12,"11/29/2020",13:00:00,"BUF","LAC"
2020112902,2020,12,"11/29/2020",13:00:00,"CIN","NYG"
2020112903,2020,12,"11/29/2020",13:00:00,"IND","TEN"
2020112904,2020,12,"11/29/2020",13:00:00,"JAX","CLE"
2020112905,2020,12,"11/29/2020",13:00:00,"MIN","CAR"
2020112906,2020,12,"11/29/2020",13:00:00,"NE","ARI"
2020112907,2020,12,"11/29/2020",13:00:00,"NYJ","MIA"
2020112908,2020,12,"11/29/2020",16:05:00,"DEN","NO"
2020112909,2020,12,"11/29/2020",16:05:00,"LA","SF"
2020112910,2020,12,"11/29/2020",16:25:00,"TB","KC"
2020112911,2020,12,"11/29/2020",20:20:00,"GB","CHI"
2020113000,2020,12,"11/30/2020",20:15:00,"PHI","SEA"
2020120200,2020,12,"12/02/2020",15:40:00,"PIT","BAL"
2020120600,2020,13,"12/06/2020",13:00:00,"ATL","NO"
2020120601,2020,13,"12/06/2020",13:00:00,"CHI","DET"
2020120602,2020,13,"12/06/2020",13:00:00,"HOU","IND"
2020120603,2020,13,"12/06/2020",13:00:00,"MIA","CIN"
2020120604,2020,13,"12/06/2020",13:00:00,"MIN","JAX"
2020120605,2020,13,"12/06/2020",13:00:00,"NYJ","LV"
2020120607,2020,13,"12/06/2020",13:00:00,"TEN","CLE"
2020120608,2020,13,"12/06/2020",16:05:00,"ARI","LA"
2020120609,2020,13,"12/06/2020",16:05:00,"SEA","NYG"
2020120610,2020,13,"12/06/2020",16:25:00,"GB","PHI"
2020120611,2020,13,"12/06/2020",16:25:00,"LAC","NE"
2020120612,2020,13,"12/06/2020",20:20:00,"KC","DEN"
2020120700,2020,13,"12/07/2020",20:15:00,"SF","BUF"
2020120702,2020,13,"12/07/2020",17:00:00,"PIT","WAS"
2020120800,2020,13,"12/08/2020",20:05:00,"BAL","DAL"
2020121000,2020,14,"12/10/2020",20:20:00,"LA","NE"
2020121300,2020,14,"12/13/2020",13:00:00,"CAR","DEN"
2020121301,2020,14,"12/13/2020",13:00:00,"CHI","HOU"
2020121302,2020,14,"12/13/2020",13:00:00,"CIN","DAL"
2020121303,2020,14,"12/13/2020",16:25:00,"DET","GB"
2020121304,2020,14,"12/13/2020",13:00:00,"JAX","TEN"
2020121305,2020,14,"12/13/2020",13:00:00,"MIA","KC"
2020121306,2020,14,"12/13/2020",13:00:00,"NYG","ARI"
2020121307,2020,14,"12/13/2020",13:00:00,"TB","MIN"
2020121308,2020,14,"12/13/2020",16:05:00,"LV","IND"
2020121309,2020,14,"12/13/2020",16:05:00,"SEA","NYJ"
2020121310,2020,14,"12/13/2020",16:25:00,"LAC","ATL"
2020121311,2020,14,"12/13/2020",16:25:00,"PHI","NO"
2020121312,2020,14,"12/13/2020",16:25:00,"SF","WAS"
2020121313,2020,14,"12/13/2020",20:20:00,"BUF","PIT"
2020121400,2020,14,"12/14/2020",20:15:00,"CLE","BAL"
2020121700,2020,15,"12/17/2020",20:20:00,"LV","LAC"
2020121900,2020,15,"12/19/2020",16:30:00,"DEN","BUF"
2020121901,2020,15,"12/19/2020",20:15:00,"GB","CAR"
2020122002,2020,15,"12/20/2020",13:00:00,"IND","HOU"
2020122003,2020,15,"12/20/2020",16:05:00,"LA","NYJ"
2020122004,2020,15,"12/20/2020",13:00:00,"TEN","DET"
2020122005,2020,15,"12/20/2020",13:00:00,"ATL","TB"
2020122006,2020,15,"12/20/2020",13:00:00,"BAL","JAX"
2020122007,2020,15,"12/20/2020",13:00:00,"MIA","NE"
2020122008,2020,15,"12/20/2020",13:00:00,"MIN","CHI"
2020122009,2020,15,"12/20/2020",20:20:00,"NYG","CLE"
2020122010,2020,15,"12/20/2020",13:00:00,"WAS","SEA"
2020122011,2020,15,"12/20/2020",16:05:00,"ARI","PHI"
2020122012,2020,15,"12/20/2020",16:25:00,"NO","KC"
2020122013,2020,15,"12/20/2020",13:00:00,"DAL","SF"
2020122100,2020,15,"12/21/2020",20:15:00,"CIN","PIT"
2020122500,2020,16,"12/25/2020",16:30:00,"NO","MIN"
2020122600,2020,16,"12/26/2020",13:00:00,"DET","TB"
2020122601,2020,16,"12/26/2020",16:30:00,"ARI","SF"
2020122602,2020,16,"12/26/2020",20:15:00,"LV","MIA"
2020122702,2020,16,"12/27/2020",16:05:00,"LAC","DEN"
2020122704,2020,16,"12/27/2020",13:00:00,"NYJ","CLE"
2020122705,2020,16,"12/27/2020",13:00:00,"BAL","NYG"
2020122706,2020,16,"12/27/2020",13:00:00,"HOU","CIN"
2020122707,2020,16,"12/27/2020",13:00:00,"JAX","CHI"
2020122708,2020,16,"12/27/2020",13:00:00,"KC","ATL"
2020122709,2020,16,"12/27/2020",13:00:00,"PIT","IND"
2020122710,2020,16,"12/27/2020",16:05:00,"WAS","CAR"
2020122711,2020,16,"12/27/2020",16:25:00,"SEA","LA"
2020122712,2020,16,"12/27/2020",16:25:00,"DAL","PHI"
2020122713,2020,16,"12/27/2020",20:20:00,"GB","TEN"
2020122800,2020,16,"12/28/2020",20:15:00,"NE","BUF"
2021010300,2020,17,"01/03/2021",13:00:00,"BUF","MIA"
2021010301,2020,17,"01/03/2021",16:25:00,"CAR","NO"
2021010302,2020,17,"01/03/2021",16:25:00,"CHI","GB"
2021010303,2020,17,"01/03/2021",13:00:00,"CIN","BAL"
2021010304,2020,17,"01/03/2021",13:00:00,"CLE","PIT"
2021010305,2020,17,"01/03/2021",13:00:00,"DET","MIN"
2021010306,2020,17,"01/03/2021",16:25:00,"KC","LAC"
2021010307,2020,17,"01/03/2021",13:00:00,"NE","NYJ"
2021010308,2020,17,"01/03/2021",13:00:00,"NYG","DAL"
2021010309,2020,17,"01/03/2021",20:20:00,"PHI","WAS"
2021010310,2020,17,"01/03/2021",13:00:00,"TB","ATL"
2021010311,2020,17,"01/03/2021",16:25:00,"DEN","LV"
2021010312,2020,17,"01/03/2021",16:25:00,"HOU","TEN"
2021010313,2020,17,"01/03/2021",16:25:00,"IND","JAX"
2021010314,2020,17,"01/03/2021",16:25:00,"LA","ARI"
2021010315,2020,17,"01/03/2021",16:25:00,"SF","SEA"
