,gameId,playId,returnerId,kickReturnYardage
1,2018090600,366,42450,5.0
11,2018090600,1989,29957,8.0
14,2018090600,2599,29957,9.0
22,2018090600,3868,29957,12.0
27,2018090900,485,46532,-1.0
28,2018090900,575,37228,4.0
29,2018090900,674,46532,3.0
32,2018090900,1136,46532,51.0
35,2018090900,1360,46532,1.0
49,2018090900,3079,37228,6.0
52,2018090900,3655,42573,9.0
53,2018090900,3851,46532,0.0
62,2018090901,588,44946,22.0
63,2018090901,887,44946,0.0
65,2018090901,1491,44946,4.0
72,2018090901,2632,44946,20.0
82,2018090901,4136,44837,15.0
106,2018090902,2228,43663,-1.0
126,2018090903,1844,43475,-1.0
128,2018090903,1993,44830,26.0
130,2018090903,2176,38757,18.0
137,2018090903,3163,33566,2.0
158,2018090905,1555,43408,11.0
172,2018090905,3749,43408,9.0
189,2018090906,1373,33130,2.0
199,2018090906,2681,43010,1.0
200,2018090906,2776,43948,0.0
201,2018090906,2947,43010,16.0
227,2018090907,2708,44029,0.0
234,2018090907,3497,42527,-1.0
235,2018090907,3618,44029,10.0
236,2018090907,3801,42527,5.0
242,2018090909,918,46325,12.0
250,2018090909,2106,46116,0.0
251,2018090909,2247,46325,0.0
256,2018090909,3706,46116,44.0
259,2018090910,700,42899,14.0
261,2018090910,1047,42899,30.0
264,2018090910,1329,42899,3.0
266,2018090910,1582,46093,15.0
272,2018090910,2550,39954,15.0
277,2018090910,3477,39954,-2.0
283,2018090912,583,44932,3.0
287,2018090912,1055,37139,17.0
288,2018090912,1149,44932,42.0
310,2018091000,469,35527,43.0
317,2018091000,1545,35527,16.0
329,2018091000,2626,35527,78.0
341,2018091001,384,37251,10.0
342,2018091001,499,43406,12.0
357,2018091001,2840,43406,0.0
368,2018091300,304,46532,-2.0
374,2018091300,1023,46239,8.0
398,2018091600,773,46093,5.0
417,2018091600,3830,46093,4.0
420,2018091601,205,46744,10.0
423,2018091601,426,46744,6.0
429,2018091601,1289,46744,1.0
458,2018091602,1446,36071,13.0
464,2018091602,2412,37139,0.0
487,2018091603,971,43948,0.0
490,2018091603,1907,44837,0.0
513,2018091604,815,43475,22.0
519,2018091604,1549,43475,16.0
526,2018091604,2659,43475,10.0
529,2018091604,3295,35527,4.0
533,2018091605,145,41353,
536,2018091605,373,43454,0.0
546,2018091605,1943,44946,6.0
566,2018091606,182,43010,10.0
567,2018091606,340,45599,10.0
568,2018091606,593,43010,-1.0
576,2018091606,1757,33130,11.0
583,2018091606,2649,43010,9.0
587,2018091606,3523,42363,0.0
590,2018091606,4125,45599,3.0
595,2018091607,1227,43408,11.0
597,2018091607,1567,43408,6.0
603,2018091607,2458,43408,9.0
606,2018091607,2794,43408,-1.0
618,2018091608,541,46310,6.0
643,2018091609,783,45150,13.0
645,2018091609,1057,45150,17.0
648,2018091609,1552,45150,60.0
650,2018091609,2032,45150,13.0
651,2018091609,2352,45150,17.0
653,2018091609,2691,45150,13.0
664,2018091610,1306,46113,0.0
665,2018091610,1440,44978,0.0
669,2018091610,1960,44978,7.0
681,2018091610,3362,46113,14.0
686,2018091610,3871,44978,4.0
689,2018091610,4585,44978,0.0
696,2018091611,698,29830,1.0
697,2018091611,797,33117,7.0
720,2018091612,568,44029,5.0
739,2018091612,3460,44029,16.0
753,2018091613,1035,42527,5.0
755,2018091613,1575,42527,6.0
762,2018091613,2608,41238,3.0
763,2018091613,2715,39954,0.0
773,2018091700,735,44932,32.0
776,2018091700,1238,44932,15.0
782,2018091700,2286,42412,14.0
783,2018091700,2401,44932,7.0
785,2018091700,2742,44932,4.0
798,2018092000,202,44837,2.0
800,2018092000,453,44837,8.0
802,2018092000,680,44837,0.0
806,2018092000,1061,35527,12.0
815,2018092000,2359,41292,2.0
819,2018092000,2943,41292,8.0
828,2018092300,382,44879,-1.0
829,2018092300,477,42450,6.0
833,2018092300,1127,44879,10.0
836,2018092300,1435,44879,7.0
848,2018092300,2602,42450,6.0
875,2018092301,1577,45272,4.0
877,2018092301,1907,45272,1.0
878,2018092301,2126,46182,6.0
882,2018092301,2495,45272,7.0
886,2018092301,3423,46182,12.0
887,2018092301,3819,46182,13.0
902,2018092302,2105,46093,4.0
909,2018092302,3100,43663,9.0
922,2018092303,1215,45032,6.0
933,2018092303,2467,43408,27.0
934,2018092303,2722,43408,8.0
935,2018092303,3026,43408,10.0
947,2018092304,1035,44029,11.0
950,2018092304,1431,44029,0.0
951,2018092304,1562,44830,6.0
953,2018092304,1755,38757,10.0
958,2018092304,2500,38757,9.0
964,2018092304,3542,38757,1.0
970,2018092305,612,43454,5.0
987,2018092305,3119,46113,1.0
996,2018092306,250,33097,0.0
1006,2018092306,2084,37251,11.0
1039,2018092307,2923,46256,13.0
1045,2018092308,150,45599,0.0
1055,2018092308,1847,45599,4.0
1069,2018092308,4183,38622,2.0
1074,2018092309,394,37139,5.0
1091,2018092309,2700,37139,11.0
1093,2018092309,3278,46310,9.0
1094,2018092309,3402,37139,10.0
1096,2018092309,3692,37139,3.0
1100,2018092310,301,45150,1.0
1107,2018092310,1095,45150,7.0
1123,2018092310,3559,46744,11.0
1132,2018092311,1239,44932,21.0
1135,2018092311,1847,44932,3.0
1138,2018092311,2159,46116,0.0
1145,2018092311,3922,37078,7.0
1150,2018092312,931,42412,0.0
1152,2018092312,1141,42412,7.0
1159,2018092312,2052,42412,18.0
1162,2018092312,2384,39954,2.0
1169,2018092312,3440,39954,7.0
1172,2018092312,3753,39954,-1.0
1173,2018092312,4215,39954,12.0
1181,2018092313,991,44978,11.0
1191,2018092313,2625,44978,16.0
1194,2018092313,2959,44978,1.0
1225,2018092400,3619,33130,0.0
1229,2018092400,4221,44946,16.0
1257,2018092700,3422,44881,4.0
1283,2018093000,2805,43663,13.0
1293,2018093001,303,44932,10.0
1294,2018093001,430,33130,2.0
1295,2018093001,652,44932,0.0
1302,2018093001,1367,44932,4.0
1346,2018093003,126,31517,9.0
1351,2018093003,799,31517,6.0
1354,2018093003,1173,31517,1.0
1361,2018093003,2692,31517,3.0
1362,2018093003,2796,46256,-1.0
1363,2018093003,2899,31517,1.0
1374,2018093004,734,43408,15.0
1380,2018093004,1734,43408,5.0
1392,2018093004,3535,43556,19.0
1408,2018093005,725,44029,0.0
1424,2018093005,2985,44029,8.0
1425,2018093005,3121,35527,7.0
1431,2018093005,4036,44029,3.0
1437,2018093006,724,43349,9.0
1438,2018093006,971,43349,24.0
1442,2018093006,1487,33566,12.0
1445,2018093006,1666,43349,0.0
1449,2018093006,2346,43475,11.0
1450,2018093006,2469,43349,7.0
1454,2018093006,3313,43349,5.0
1462,2018093007,607,40305,8.0
1468,2018093007,1503,42794,0.0
1478,2018093007,3113,40305,0.0
1482,2018093007,3513,42794,42.0
1490,2018093008,362,42412,-6.0
1497,2018093008,1322,42412,18.0
1503,2018093008,2376,42412,8.0
1506,2018093008,2829,42412,19.0
1513,2018093008,3728,46116,0.0
1517,2018093009,125,46174,9.0
1518,2018093009,221,37251,12.0
1526,2018093009,1255,44837,1.0
1540,2018093009,3279,37251,11.0
1545,2018093009,3589,37251,49.0
1553,2018093009,4562,37251,14.0
1556,2018093009,5285,37251,12.0
1561,2018093010,212,46113,-3.0
1562,2018093010,334,44964,-1.0
1571,2018093010,1942,44964,56.0
1574,2018093010,2134,44964,21.0
1579,2018093010,2752,44964,6.0
1583,2018093010,3062,44990,8.0
1597,2018093011,1053,34534,5.0
1612,2018093011,2906,34534,8.0
1629,2018093012,1820,44946,3.0
1633,2018093012,2336,45272,4.0
1651,2018100100,568,43454,37.0
1657,2018100100,1592,29830,2.0
1676,2018100400,454,34683,15.0
1683,2018100400,1465,43556,5.0
1684,2018100400,1632,34683,5.0
1691,2018100400,2618,43556,33.0
1705,2018100700,736,40305,38.0
1713,2018100700,2473,46256,8.0
1714,2018100700,2576,40305,1.0
1723,2018100701,173,42899,-3.0
1724,2018100701,317,41238,15.0
1742,2018100701,2132,41238,0.0
1761,2018100702,1828,43475,71.0
1765,2018100702,2058,43475,0.0
1770,2018100702,2497,43663,6.0
1775,2018100702,3148,43663,13.0
1780,2018100702,3909,43475,14.0
1786,2018100703,818,44837,0.0
1787,2018100703,970,45272,11.0
1788,2018100703,1350,45272,14.0
1791,2018100703,1637,44837,12.0
1801,2018100703,3129,45272,10.0
1803,2018100703,3424,45272,13.0
1805,2018100703,3718,45272,11.0
1812,2018100703,4855,44837,11.0
1837,2018100704,3913,31517,2.0
1846,2018100705,668,43454,2.0
1863,2018100705,4518,44029,6.0
1875,2018100706,1287,35527,7.0
1876,2018100706,1377,29830,1.0
1881,2018100706,2167,35527,3.0
1885,2018100706,2928,35527,10.0
1887,2018100706,3120,35527,51.0
1902,2018100707,1236,42450,3.0
1905,2018100707,1695,42450,0.0
1924,2018100708,375,44964,8.0
1927,2018100708,965,37251,2.0
1928,2018100708,1147,44964,18.0
1930,2018100708,1376,44964,3.0
1938,2018100708,2183,44964,6.0
1947,2018100709,383,46099,13.0
1957,2018100709,1469,44123,9.0
1978,2018100710,666,46116,0.0
1985,2018100710,1778,44990,0.0
1988,2018100710,2408,44990,3.0
2000,2018100711,156,42412,-3.0
2001,2018100711,253,43456,11.0
2045,2018100712,2851,43408,13.0
2046,2018100712,2943,39954,0.0
2047,2018100712,3117,43408,16.0
2052,2018100712,3630,39954,22.0
2080,2018101100,708,42794,23.0
2083,2018101100,983,42794,2.0
2085,2018101100,1288,42794,3.0
2091,2018101100,1879,42794,19.0
2104,2018101100,3539,41238,9.0
2105,2018101100,4155,41238,-8.0
2114,2018101400,1135,42450,14.0
2117,2018101400,1655,33130,9.0
2123,2018101400,2231,43010,6.0
2144,2018101401,1376,43663,6.0
2145,2018101401,1571,44946,7.0
2153,2018101401,2661,44946,15.0
2162,2018101402,178,44964,32.0
2166,2018101402,643,44837,5.0
2168,2018101402,1005,44837,13.0
2171,2018101402,1357,44837,33.0
2182,2018101402,2651,44964,4.0
2195,2018101403,856,43408,1.0
2200,2018101403,1546,43408,6.0
2205,2018101403,2424,43408,0.0
2206,2018101403,2530,40107,8.0
2210,2018101403,3013,40107,0.0
2223,2018101404,1273,44932,5.0
2244,2018101405,135,36071,5.0
2251,2018101405,953,36071,1.0
2252,2018101405,1271,46116,7.0
2262,2018101405,2545,36071,20.0
2266,2018101405,3258,46116,10.0
2269,2018101405,3642,46116,0.0
2278,2018101406,742,35527,6.0
2320,2018101407,2457,42412,0.0
2328,2018101408,251,46093,1.0
2340,2018101408,1939,46310,10.0
2351,2018101409,129,45150,3.0
2366,2018101409,2433,45150,26.0
2379,2018101410,117,39954,3.0
2393,2018101410,2085,38947,6.0
2394,2018101410,2172,44029;46130,0.0
2406,2018101410,3770,44923,6.0
2411,2018101411,897,43349,6.0
2416,2018101411,1511,43349,4.0
2417,2018101411,1915,43349,26.0
2426,2018101411,3377,46836,0.0
2427,2018101411,3461,43349,14.0
2481,2018101500,1718,46309,0.0
2491,2018101500,3265,31517,6.0
2500,2018101800,284,46367,0.0
2508,2018101800,1126,46367,15.0
2521,2018101800,2889,46116,9.0
2524,2018101800,3244,46367,8.0
2526,2018101800,3703,46116,8.0
2533,2018102100,469,44964,2.0
2544,2018102100,2133,44830,0.0
2545,2018102100,2261,44964,12.0
2560,2018102101,2344,43349,8.0
2565,2018102101,3053,44879,12.0
2576,2018102102,560,44932,17.0
2585,2018102102,1651,34683,3.0
2644,2018102104,2463,44923,21.0
2651,2018102105,124,43454,2.0
2654,2018102105,738,43454,9.0
2673,2018102105,3075,43454,10.0
2676,2018102105,3594,43415,0.0
2678,2018102106,125,35499,9.0
2682,2018102106,581,43475,19.0
2696,2018102106,2576,35499,6.0
2709,2018102107,592,36071,0.0
2717,2018102107,1497,36071,8.0
2720,2018102107,1817,36071,11.0
2721,2018102107,1917,35527,8.0
2722,2018102107,2078,36071,20.0
2725,2018102107,2406,44123,5.0
2733,2018102107,3222,36071,13.0
2744,2018102108,130,46093,3.0
2747,2018102108,791,42794,13.0
2750,2018102108,1103,42794,1.0
2761,2018102108,3353,42899,9.0
2769,2018102109,811,43010,13.0
2776,2018102109,1838,43010,0.0
2781,2018102109,2756,43010,13.0
2787,2018102109,3906,44837,32.0
2792,2018102109,4445,43010,-6.0
2794,2018102109,4748,44837,14.0
2802,2018102110,1029,38947,5.0
2804,2018102110,1412,38947,1.0
2812,2018102110,2448,46310,3.0
2822,2018102110,3711,38947,5.0
2825,2018102111,126,46309,6.0
2841,2018102111,2168,45150,0.0
2849,2018102111,3243,45150,36.0
2855,2018102200,171,46459,8.0
2859,2018102200,1153,46459,21.0
2879,2018102500,386,43475,8.0
2896,2018102500,2736,43475,21.0
2909,2018102500,3779,43408,13.0
2914,2018102800,776,42794,0.0
2919,2018102800,1437,42482,8.0
2925,2018102800,2455,44923,23.0
2937,2018102801,696,42899,4.0
2947,2018102801,2345,43349,23.0
2954,2018102801,3502,42899,17.0
2962,2018102802,498,44932,7.0
2969,2018102802,1539,35527,8.0
2972,2018102802,1977,44932,8.0
2978,2018102802,2689,44932,21.0
2988,2018102803,561,43010,8.0
2989,2018102803,673,43663,17.0
3016,2018102803,4054,43663,12.0
3032,2018102804,1965,42412,10.0
3038,2018102804,3188,46830,5.0
3041,2018102804,3842,46830,3.0
3043,2018102805,115,43454,14.0
3044,2018102805,216,44985,11.0
3052,2018102805,1544,43454,-3.0
3064,2018102805,3622,44985,2.0
3065,2018102805,3716,43454,4.0
3071,2018102806,219,46459,0.0
3076,2018102806,1086,46459,-2.0
3080,2018102806,1880,46459,19.0
3090,2018102806,3389,46459,1.0
3100,2018102807,484,44837,13.0
3101,2018102807,651,44946,23.0
3104,2018102807,985,44837,13.0
3111,2018102807,2487,44946,9.0
3121,2018102807,3463,44946,14.0
3130,2018102808,420,43556,10.0
3135,2018102808,1193,37251,-1.0
3155,2018102809,222,46309,15.0
3170,2018102809,2711,46309,8.0
3183,2018102810,724,31517,13.0
3187,2018102810,1155,45150,2.0
3190,2018102810,1524,45150,0.0
3217,2018102811,851,36071,4.0
3222,2018102811,1453,44879,15.0
3252,2018102900,2817,40107,31.0
3255,2018102900,3178,40107,2.0
3268,2018110100,656,46309,6.0
3281,2018110100,2518,46113,0.0
3294,2018110400,1105,44946,9.0
3300,2018110400,2030,44946,8.0
3307,2018110400,3265,44946,0.0
3312,2018110400,4196,43349,9.0
3315,2018110401,434,44932,12.0
3317,2018110401,758,44932,0.0
3321,2018110401,1319,40107,5.0
3327,2018110401,2180,44932,36.0
3336,2018110401,3585,40107,8.0
3353,2018110402,1295,42899,12.0
3362,2018110402,2234,43010,8.0
3364,2018110402,2410,43010,7.0
3394,2018110403,3760,44837,1.0
3400,2018110404,515,43475,19.0
3404,2018110404,1046,43475,12.0
3413,2018110404,2319,35527,8.0
3414,2018110404,2410,43475,6.0
3415,2018110404,2496,35527,9.0
3435,2018110405,1601,36071,24.0
3454,2018110406,597,42450,4.0
3469,2018110406,2965,46310,0.0
3478,2018110407,329,43408,16.0
3479,2018110407,420,29830,0.0
3485,2018110407,1368,45900,5.0
3488,2018110407,1701,29830,0.0
3491,2018110407,2212,43408,0.0
3492,2018110407,2301,29830,-3.0
3498,2018110407,3171,29830,5.0
3500,2018110407,3563,29830,10.0
3507,2018110408,879,44964,-2.0
3509,2018110408,1130,44964,2.0
3513,2018110408,1668,44964,17.0
3518,2018110408,2333,42412,6.0
3522,2018110408,2989,42412,0.0
3523,2018110408,3147,44964,0.0
3524,2018110408,3336,42412,-2.0
3580,2018110410,3090,34683,0.0
3599,2018110500,2162,38947,7.0
3602,2018110500,2728,44830,11.0
3604,2018110500,3200,44830,0.0
3614,2018110800,491,44946,10.0
3655,2018111100,2603,44932,18.0
3659,2018111100,3423,41418,11.0
3673,2018111101,1448,44879,2.0
3708,2018111102,2320,44837,6.0
3710,2018111102,3125,42450,5.0
3716,2018111103,576,31517,19.0
3743,2018111104,505,44923,1.0
3748,2018111104,1029,43556,6.0
3774,2018111105,859,43454,-2.0
3781,2018111105,1907,46116,6.0
3787,2018111105,2899,46116,2.0
3789,2018111105,3239,43454,2.0
3790,2018111105,3342,46116,0.0
3795,2018111106,201,44985,8.0
3796,2018111106,323,35527,15.0
3797,2018111106,409,40107,17.0
3801,2018111106,863,44985,11.0
3804,2018111106,1139,44985,21.0
3811,2018111106,2279,44985,2.0
3824,2018111107,305,43010,8.0
3850,2018111108,816,44830,
3854,2018111108,1345,34683,18.0
3861,2018111108,2354,44830,15.0
3867,2018111108,3238,34683,12.0
3874,2018111109,453,37251,4.0
3877,2018111109,753,37251,-2.0
3880,2018111109,1413,38630,7.0
3887,2018111109,2274,38630,8.0
3893,2018111109,3578,37251,6.0
3903,2018111110,1095,45150,11.0
3905,2018111110,1396,45150,11.0
3923,2018111110,4058,42412,9.0
3926,2018111111,216,35499,12.0
3929,2018111111,603,38947,0.0
3950,2018111111,3809,35499,-1.0
3952,2018111200,123,46309,23.0
3975,2018111200,3300,46459,7.0
3976,2018111200,3391,46113,1.0
3984,2018111500,265,43452,7.0
3990,2018111500,976,43452,15.0
4001,2018111500,2766,43452,9.0
4015,2018111800,978,42450,13.0
4017,2018111800,1363,42450,2.0
4031,2018111800,3222,42450,1.0
4040,2018111801,776,43663,38.0
4041,2018111801,886,43349,2.0
4046,2018111801,1618,43349,12.0
4060,2018111801,3999,43663,8.0
4067,2018111802,1485,44932,11.0
4071,2018111802,2310,36071,10.0
4090,2018111803,1180,42899,-1.0
4100,2018111803,2706,41418,10.0
4111,2018111804,595,43556,51.0
4119,2018111804,1582,43556,10.0
4130,2018111804,3422,43556,4.0
4139,2018111805,955,46459,5.0
4155,2018111805,3298,43010,10.0
4167,2018111806,580,42794,16.0
4196,2018111807,746,37251,12.0
4197,2018111807,863,46116,3.0
4200,2018111807,1158,46116,12.0
4203,2018111807,1594,44045,3.0
4213,2018111807,3083,37251,16.0
4217,2018111807,3658,46116,18.0
4219,2018111807,3870,46116,5.0
4225,2018111808,687,38630,2.0
4246,2018111809,145,45244,0.0
4264,2018111809,2961,44879,13.0
4268,2018111809,3815,35499,-2.0
4276,2018111810,1042,44923,25.0
4282,2018111810,1862,44946,7.0
4286,2018111810,2438,44946,6.0
4290,2018111810,3197,44946,0.0
4291,2018111810,3296,44923,11.0
4302,2018111900,512,45150,-3.0
4313,2018111900,2111,43454,0.0
4328,2018111900,4032,43454,8.0
4341,2018111900,5456,43454,14.0
4343,2018112200,133,44932,14.0
4344,2018112200,241,41418,8.0
4346,2018112200,692,41418,8.0
4347,2018112200,790,44932,1.0
4352,2018112200,1736,44932,14.0
4356,2018112200,2619,44932,17.0
4363,2018112200,3651,41418,9.0
4373,2018112201,1266,46325,10.0
4382,2018112201,2305,46325,30.0
4404,2018112202,1370,44879,7.0
4425,2018112500,826,43349,0.0
4427,2018112500,1273,43349,70.0
4433,2018112500,1748,43349,9.0
4444,2018112500,3650,37251,-3.0
4447,2018112500,3933,43349,0.0
4452,2018112501,731,44985,-2.0
4459,2018112501,1905,44923,12.0
4461,2018112501,2407,44985,9.0
4464,2018112501,2912,44923,21.0
4468,2018112501,3634,44985,
4477,2018112502,117,42899,5.0
4478,2018112502,523,42899,14.0
4508,2018112503,954,44837,0.0
4518,2018112503,2446,46174,6.0
4519,2018112503,2541,43663,1.0
4525,2018112503,3668,43663,23.0
4526,2018112503,4188,43663,33.0
4537,2018112504,1526,43556,0.0
4550,2018112504,3631,43556,0.0
4553,2018112504,3982,43556,14.0
4564,2018112505,1469,34683,0.0
4580,2018112505,3680,34683,0.0
4581,2018112505,3789,35527,1.0
4587,2018112506,947,46459,9.0
4597,2018112506,2502,35499,
4601,2018112506,3125,41238,16.0
4602,2018112506,3238,35499,7.0
4614,2018112507,646,46309,0.0
4616,2018112507,1082,46309,6.0
4621,2018112507,1967,43010,6.0
4638,2018112508,392,46116,26.0
4643,2018112508,1025,44964,23.0
4655,2018112508,2594,44964,5.0
4675,2018112509,2302,45900,6.0
4687,2018112509,4003,44946,6.0
4689,2018112510,167,43452,13.0
4700,2018112510,1306,36071,0.0
4706,2018112510,2450,31517,23.0
4709,2018112510,2857,36071,20.0
4718,2018112600,323,44830,3.0
4723,2018112600,803,42794,25.0
4735,2018112600,2775,44830,16.0
4739,2018112600,3109,42794,7.0
4742,2018112600,3423,42794,5.0
4747,2018112900,432,38947,8.0
4748,2018112900,558,44879,1.0
4761,2018112900,3018,44879,16.0
4767,2018120200,769,43349,4.0
4773,2018120200,1834,42450,18.0
4791,2018120201,618,45900,1.0
4792,2018120201,710,43663,4.0
4796,2018120201,1535,45900,2.0
4802,2018120201,2393,45900,3.0
4818,2018120202,442,45150,2.0
4826,2018120202,1815,45150,8.0
4831,2018120202,2355,45150,8.0
4850,2018120203,547,46116,0.0
4853,2018120203,955,46087,24.0
4861,2018120203,2164,46087,1.0
4864,2018120203,2581,46116,8.0
4869,2018120203,3197,46116,6.0
4877,2018120204,503,42794,0.0
4907,2018120205,2619,43556,4.0
4910,2018120205,3064,42482,8.0
4914,2018120205,3666,43556,9.0
4919,2018120206,485,40092,6.0
4944,2018120207,367,44932,15.0
4950,2018120207,1384,46683,10.0
4955,2018120207,2144,46683,11.0
4960,2018120207,2572,46683,15.0
4964,2018120207,3314,44932,
4989,2018120208,1843,44946,9.0
4995,2018120208,3040,44964,73.0
5013,2018120209,1376,40130,6.0
5024,2018120209,3486,40130,0.0
5059,2018120211,144,35527,4.0
5101,2018120212,911,34683,6.0
5105,2018120212,1621,36071,4.0
5110,2018120212,2171,34683,0.0
5116,2018120212,3123,34683,23.0
5120,2018120213,195,42412,-4.0
5128,2018120213,1445,46309,2.0
5139,2018120213,2735,44990,11.0
5151,2018120300,547,29957,4.0
5152,2018120300,639,46310,1.0
5158,2018120300,1663,29957,14.0
5169,2018120300,3332,29957,1.0
5176,2018120600,494,46836,5.0
5182,2018120600,1607,44923,-1.0
5187,2018120600,2280,44830,8.0
5194,2018120600,3309,46707,1.0
5198,2018120900,533,40107,4.0
5235,2018120901,2254,44932,22.0
5265,2018120902,3075,44837,19.0
5271,2018120902,4027,40130,6.0
5296,2018120903,3634,42450,14.0
5301,2018120904,120,42794,12.0
5302,2018120904,227,43556,26.0
5304,2018120904,452,43556,8.0
5308,2018120904,1145,40017,6.0
5310,2018120904,1694,43556,2.0
5325,2018120904,3928,43556,11.0
5331,2018120905,382,43454,6.0
5341,2018120905,1824,43454,7.0
5348,2018120905,3600,43349,55.0
5362,2018120906,599,33566,7.0
5369,2018120906,1872,33566,9.0
5371,2018120906,3167,33566,0.0
5380,2018120907,804,43010,10.0
5392,2018120907,3370,43948,17.0
5395,2018120907,3718,43948,12.0
5399,2018120908,162,46683,11.0
5401,2018120908,415,46683,2.0
5406,2018120908,1078,46683,23.0
5414,2018120908,1831,46683,0.0
5424,2018120908,3453,46310,-2.0
5438,2018120909,1639,43663,14.0
5439,2018120909,1729,44964,0.0
5440,2018120909,1867,43663,9.0
5460,2018120910,869,44990,8.0
5471,2018120910,2804,44990,18.0
5472,2018120910,2917,45900,20.0
5475,2018120910,3505,45900,0.0
5476,2018120910,4083,45900,0.0
5480,2018120911,322,41418,4.0
5483,2018120911,682,37078,2.0
5487,2018120911,1750,37078,11.0
5488,2018120911,1908,42543,4.0
5489,2018120911,2070,37078,12.0
5492,2018120911,2585,37078,1.0
5496,2018120911,3181,37078,0.0
5507,2018120912,835,38947,0.0
5512,2018120912,2094,38947,14.0
5523,2018120912,3568,29957,9.0
5535,2018120913,644,44946,9.0
5541,2018120913,1590,44946,8.0
5546,2018120913,2393,44946,11.0
5557,2018121000,199,42412,5.0
5559,2018121000,502,42412,0.0
5564,2018121000,1386,42412,12.0
5601,2018121500,125,42794,-2.0
5610,2018121500,1610,42794,15.0
5616,2018121500,2280,35527,10.0
5619,2018121500,2599,35527,12.0
5620,2018121500,2721,42794,4.0
5632,2018121501,118,44837,1.0
5644,2018121501,2054,45900,0.0
5645,2018121501,2166,44837,8.0
5649,2018121501,3285,45900,0.0
5655,2018121600,226,37078,16.0
5666,2018121600,1374,42450,10.0
5674,2018121600,2753,37078,8.0
5681,2018121600,3673,44074,0.0
5685,2018121600,4305,37078,7.0
5707,2018121601,3369,43010,12.0
5719,2018121602,1911,40107,0.0
5723,2018121602,2574,44985,10.0
5725,2018121602,3208,42543,0.0
5726,2018121602,3330,44985,1.0
5730,2018121602,3807,41418,12.0
5750,2018121603,3205,44932,9.0
5753,2018121603,3600,44932,44.0
5760,2018121604,215,43663,4.0
5761,2018121604,330,37251,0.0
5780,2018121604,3121,37251,14.0
5786,2018121604,3921,37251,8.0
5803,2018121606,855,43563,5.0
5804,2018121606,1029,44923,9.0
5811,2018121606,1977,44923,74.0
5817,2018121606,2639,43563,6.0
5818,2018121606,2859,44923,1.0
5826,2018121607,370,36071,21.0
5829,2018121607,692,36071,8.0
5835,2018121607,1569,33566,8.0
5842,2018121607,2353,36071,70.0
5845,2018121607,2545,36071,17.0
5847,2018121607,2893,36071,0.0
5864,2018121608,1815,44830,8.0
5865,2018121608,2070,46683,0.0
5868,2018121608,2915,46683,-2.0
5872,2018121608,3377,46683,4.0
5892,2018121609,2269,44990,11.0
5894,2018121609,2618,44990,4.0
5905,2018121609,4205,42412,8.0
5908,2018121609,4613,44990,15.0
5931,2018121611,126,29957,13.0
5944,2018121611,2264,45150,-5.0
5959,2018121611,4369,45150,3.0
5971,2018121700,1445,43948,13.0
5975,2018121700,2302,40130,1.0
5976,2018121700,2417,43948,0.0
5992,2018122200,2047,44830,16.0
6008,2018122201,1205,43349,19.0
6019,2018122201,2554,43349,-2.0
6025,2018122201,3278,44964,9.0
6026,2018122201,3686,44964,24.0
6029,2018122300,133,46683,0.0
6035,2018122300,1235,43556,-2.0
6052,2018122300,3761,43556,5.0
6060,2018122302,813,44923,11.0
6062,2018122302,1142,44923,1.0
6065,2018122302,1832,44923,44.0
6069,2018122302,2413,33566,9.0
6070,2018122302,2605,44923,-10.0
6071,2018122302,2717,33566,3.0
6083,2018122304,966,42450,9.0
6094,2018122304,2599,40130,3.0
6098,2018122304,3433,40130,13.0
6104,2018122305,651,43663,2.0
6105,2018122305,743,44837,7.0
6108,2018122305,1209,44837,5.0
6138,2018122306,1779,38947,13.0
6157,2018122307,597,44978,9.0
6162,2018122307,1373,44978,4.0
6173,2018122307,2930,44978,5.0
6174,2018122307,3055,44123,8.0
6178,2018122307,3780,44978,0.0
6189,2018122308,1124,44985,4.0
6190,2018122308,1216,34683,12.0
6197,2018122308,2282,44985,8.0
6203,2018122308,3289,34683,25.0
6212,2018122309,341,35527,12.0
6247,2018122310,128,29957,11.0
6252,2018122310,967,42794,8.0
6292,2018122311,2785,45150,0.0
6293,2018122311,2998,43406,1.0
6298,2018122311,3616,45150,26.0
6346,2018122314,117,42412,3.0
6365,2018122314,3165,42412,10.0
6377,2018122400,241,37251,99.0
6393,2018122400,2467,37251,7.0
6421,2018123000,2502,46174,37.0
6427,2018123000,3106,46174,8.0
6434,2018123000,4148,46174,1.0
6441,2018123001,1223,44985,0.0
6442,2018123001,1326,33566,8.0
6444,2018123001,1538,33566,1.0
6450,2018123001,2289,44985,9.0
6480,2018123002,2362,41418,25.0
6485,2018123002,3146,46114,0.0
6489,2018123003,133,44923,17.0
6498,2018123003,1209,42794,11.0
6500,2018123003,1560,42794,1.0
6503,2018123003,1958,42794,5.0
6504,2018123003,2065,44923,0.0
6513,2018123003,3377,42794,30.0
6524,2018123004,2174,43454,3.0
6538,2018123005,541,44123,4.0
6541,2018123005,993,44932,-2.0
6557,2018123006,303,34683,8.0
6567,2018123006,2025,34683,-2.0
6568,2018123006,2157,35527,0.0
6591,2018123007,2554,43948,2.0
6601,2018123007,3882,43948,16.0
6614,2018123008,2319,43304,19.0
6634,2018123009,756,44946,10.0
6637,2018123009,1176,43663,1.0
6644,2018123009,2252,44946,6.0
6646,2018123009,2477,44946,4.0
6657,2018123010,125,42450,16.0
6666,2018123010,1497,43010,2.0
6667,2018123010,1621,42450,12.0
6706,2018123011,2834,43556,0.0
6707,2018123011,3068,44830,10.0
6717,2018123012,516,42448,9.0
6718,2018123012,608,29957,2.0
6731,2018123012,2939,42448,11.0
6737,2018123013,585,38630,0.0
6739,2018123013,1003,45900,0.0
6752,2018123013,3260,45900,3.0
6789,2018123015,592,43406,5.0
6798,2018123015,1714,43406,45.0
6801,2018123015,1958,43406,3.0
6803,2018123015,2277,43406,-6.0
6819,2019090500,125,44932,11.0
6821,2019090500,443,44932,6.0
6825,2019090500,1023,43452,1.0
6837,2019090500,2851,44932,5.0
6842,2019090500,4468,44932,14.0
6846,2019090800,595,46256,16.0
6852,2019090800,1351,45150,3.0
6853,2019090800,1571,46256,14.0
6866,2019090800,3872,45150,16.0
6881,2019090801,1662,46506,18.0
6935,2019090803,859,43349,15.0
6950,2019090803,2396,43349,14.0
6964,2019090804,1039,40130,11.0
6968,2019090804,1994,40130,12.0
6970,2019090804,2266,40130,5.0
6974,2019090804,3085,40130,18.0
6983,2019090805,1006,40107,10.0
7004,2019090806,380,46325,11.0
7010,2019090806,1377,29957,12.0
7019,2019090806,2533,29957,17.0
7022,2019090806,2742,29957,14.0
7024,2019090806,3191,29957,3.0
7030,2019090807,122,43556,5.0
7057,2019090808,835,43663,9.0
7070,2019090808,2435,43663,9.0
7077,2019090808,3690,43663,5.0
7081,2019090809,314,44978,-3.0
7088,2019090809,1386,44978,0.0
7094,2019090809,2353,46116,4.0
7096,2019090809,2503,44978,1.0
7098,2019090809,2763,44978,0.0
7105,2019090809,3881,46116,6.0
7110,2019090809,4964,46116,8.0
7137,2019090810,3702,44837,2.0
7140,2019090810,4024,44837,5.0
7164,2019090812,772,48988,20.0
7166,2019090812,1224,48988,15.0
7184,2019090900,220,48415,5.0
7185,2019090900,512,48415,15.0
7203,2019090900,3818,48415,0.0
7210,2019090901,407,37251,9.0
7236,2019091200,1132,45334,10.0
7237,2019091200,1283,46256,39.0
7245,2019091200,2356,46256,0.0
7253,2019091200,3598,45334,11.0
7269,2019091500,1868,43349,25.0
7272,2019091500,2293,46116,0.0
7279,2019091500,3720,43349,13.0
7281,2019091500,4082,43349,7.0
7305,2019091501,3201,46309,0.0
7308,2019091501,3511,46309,4.0
7314,2019091502,125,44978,5.0
7319,2019091502,779,44978,1.0
7320,2019091502,1171,33566,0.0
7322,2019091502,1576,33566,11.0
7326,2019091502,2753,44964,0.0
7341,2019091503,1208,43452,0.0
7344,2019091503,1559,46534,10.0
7355,2019091503,3619,46534,15.0
7357,2019091503,4021,43452,0.0
7360,2019091504,165,42794,5.0
7366,2019091504,1046,44923,0.0
7375,2019091504,2330,43408,6.0
7376,2019091504,2745,43408,0.0
7381,2019091504,3444,44923,3.0
7394,2019091505,1581,48988,3.0
7396,2019091505,1758,43475,0.0
7399,2019091505,2211,48988,6.0
7402,2019091505,2672,48988,0.0
7403,2019091505,2884,43475,5.0
7413,2019091506,363,40107,0.0
7416,2019091506,729,40107,6.0
7421,2019091506,1972,41418,60.0
7423,2019091506,2198,41418,13.0
7425,2019091506,2675,41418,2.0
7435,2019091507,115,42412,10.0
7437,2019091507,315,42412,0.0
7444,2019091507,1666,47849,11.0
7463,2019091508,128,43556,18.0
7466,2019091508,469,43556,13.0
7467,2019091508,610,44830,9.0
7475,2019091508,2106,44830,17.0
7482,2019091508,3280,43556,11.0
7485,2019091508,3524,43556,0.0
7488,2019091509,197,37139,4.0
7489,2019091509,289,46325,9.0
7494,2019091509,1302,46277,0.0
7517,2019091510,873,37251,11.0
7518,2019091510,963,41353,7.0
7521,2019091510,1323,41353,7.0
7524,2019091510,1939,41353,3.0
7527,2019091510,2319,41353,10.0
7533,2019091510,3629,47839,20.0
7534,2019091510,3724,44045,-1.0
7535,2019091510,3976,41353,1.0
7539,2019091511,365,42051,8.0
7551,2019091511,3737,42051,17.0
7558,2019091512,744,48415,6.0
7559,2019091512,1025,45150,10.0
7560,2019091512,1175,48415,19.0
7571,2019091512,3034,45150,32.0
7579,2019091512,4123,48415,9.0
7584,2019091513,962,29957,8.0
7598,2019091600,409,41292,16.0
7601,2019091600,680,41292,18.0
7603,2019091600,1110,41292,8.0
7610,2019091600,2335,41292,6.0
7613,2019091600,2673,46279,5.0
7638,2019091900,3668,44923,2.0
7640,2019092200,128,43663,4.0
7645,2019092200,1066,35527,4.0
7651,2019092200,2241,35527,0.0
7654,2019092200,2757,35527,0.0
7655,2019092200,2944,43663,4.0
7673,2019092201,1442,43475,1.0
7680,2019092201,2702,46277,13.0
7709,2019092202,2662,42051,3.0
7729,2019092203,2470,40130,10.0
7745,2019092204,1925,41353,9.0
7763,2019092205,351,46534,8.0
7764,2019092205,620,46534,13.0
7788,2019092206,499,48988,6.0
7791,2019092206,701,48988,7.0
7794,2019092206,1108,48988,13.0
7796,2019092206,1411,48988,0.0
7798,2019092206,1683,48988,0.0
7804,2019092206,2486,48988,7.0
7810,2019092206,3397,48988,11.0
7834,2019092207,2535,29957,2.0
7839,2019092207,3119,44978,24.0
7851,2019092208,1338,46116,20.0
7868,2019092208,3488,46256,0.0
7869,2019092208,3630,46116,0.0
7887,2019092209,2133,45334,8.0
7895,2019092209,3034,45334,1.0
7897,2019092209,3375,45334,1.0
7899,2019092209,3867,45334,1.0
7905,2019092210,120,42794,11.0
7918,2019092210,2232,44964,0.0
7919,2019092210,2324,42794,23.0
7929,2019092210,3720,44964,-1.0
7931,2019092211,218,48415,53.0
7938,2019092211,1209,48415,0.0
7946,2019092211,2892,42412,3.0
7949,2019092211,3324,42412,1.0
7952,2019092211,4107,42412,8.0
7957,2019092212,563,46309,8.0
7960,2019092212,1308,46309,14.0
7967,2019092212,2466,46309,11.0
7973,2019092212,3107,46309,5.0
7974,2019092212,3293,44946,0.0
7987,2019092213,1380,45150,0.0
8000,2019092213,3665,45150,0.0
8005,2019092300,593,44932,3.0
8006,2019092300,756,46325,9.0
8017,2019092300,3626,46325,6.0
8047,2019092900,147,38613,2.0
8055,2019092900,1304,43010,2.0
8073,2019092901,995,43349,14.0
8102,2019092902,1035,35527,6.0
8103,2019092902,1290,35527,11.0
8111,2019092902,2878,35527,12.0
8116,2019092902,4108,35527,13.0
8118,2019092902,4411,35527,1.0
8120,2019092902,4761,35527,5.0
8129,2019092903,1246,41353,-6.0
8130,2019092903,1360,44978,-1.0
8147,2019092903,3825,41353,9.0
8163,2019092904,2037,42794,18.0
8169,2019092904,2856,46256,0.0
8179,2019092905,404,43452,1.0
8182,2019092905,579,43452,3.0
8189,2019092905,1629,43556,19.0
8190,2019092905,1943,43556,15.0
8221,2019092906,2955,44964,1.0
8241,2019092907,3075,41418,4.0
8244,2019092907,3577,41418,4.0
8259,2019092908,2224,46116,1.0
8260,2019092908,2331,42412,0.0
8261,2019092908,2767,42412,-3.0
8305,2019092911,341,42051,10.0
8310,2019092911,797,44923,5.0
8325,2019092911,2896,44923,0.0
8341,2019092912,1082,48415,23.0
8344,2019092912,1593,37139,14.0
8353,2019092912,3462,39954,0.0
8378,2019100300,452,45150,15.0
8383,2019100300,1021,42412,0.0
8404,2019100300,4441,45150,1.0
8411,2019100600,613,44923,15.0
8413,2019100600,855,44923,5.0
8417,2019100600,1459,46256,3.0
8424,2019100600,2337,44923,-3.0
8439,2019100601,125,43663,10.0
8444,2019100601,832,43406,7.0
8458,2019100601,3533,43406,17.0
8463,2019100601,4167,43344,-1.0
8468,2019100602,133,42794,7.0
8478,2019100602,1353,42794,4.0
8486,2019100602,2545,42794,11.0
8507,2019100603,849,48415,0.0
8527,2019100603,3561,48415,5.0
8544,2019100604,2186,36071,15.0
8550,2019100604,3337,35499,17.0
8560,2019100605,1248,43452,13.0
8571,2019100605,2704,44932,71.0
8577,2019100605,4169,44932,1.0
8579,2019100606,112,29957,16.0
8587,2019100606,1574,29957,8.0
8588,2019100606,1733,46279,12.0
8590,2019100606,2509,29957,4.0
8595,2019100606,3213,46279,0.0
8598,2019100606,3614,42363,4.0
8600,2019100606,3832,42363,3.0
8602,2019100607,154,43349,2.0
8622,2019100607,3739,44946,13.0
8635,2019100608,1081,35527,0.0
8642,2019100608,1984,43010,2.0
8651,2019100608,3693,35527,2.0
8662,2019100609,1584,48988,12.0
8664,2019100609,2170,48988,19.0
8665,2019100609,2319,46325,9.0
8676,2019100609,3567,48988,18.0
8686,2019100610,389,42051,12.0
8693,2019100610,2218,42051,8.0
8697,2019100610,2705,42051,0.0
8698,2019100610,2956,44964,68.0
8703,2019100610,3733,42051,2.0
8709,2019100611,191,39954,-1.0
8715,2019100611,1263,39954,10.0
8739,2019100611,4367,39954,9.0
8772,2019100700,1986,46309,32.0
8781,2019100700,3613,41238,-6.0
8803,2019101000,3041,48988,10.0
8813,2019101300,335,45334,5.0
8816,2019101300,884,46256,10.0
8819,2019101300,1097,45334,2.0
8825,2019101300,2221,45334,-2.0
8841,2019101300,4222,45334,7.0
8850,2019101301,801,43349,8.0
8884,2019101302,2480,41292,5.0
8896,2019101303,682,48415,9.0
8898,2019101303,1023,48415,3.0
8933,2019101305,117,48480,0.0
8934,2019101305,260,46325,15.0
8937,2019101305,562,48480,12.0
8951,2019101305,2764,46325,-1.0
8957,2019101305,3587,48480,21.0
8959,2019101305,3904,48480,9.0
8964,2019101306,550,36071,6.0
8973,2019101306,1632,46270,13.0
8979,2019101306,2689,46270,3.0
8995,2019101307,1358,43406,3.0
9007,2019101307,2990,40130,2.0
9010,2019101307,3440,40130,10.0
9013,2019101307,3871,40130,5.0
9020,2019101308,128,45150,8.0
9032,2019101308,2423,46309,11.0
9035,2019101308,2871,46309,9.0
9039,2019101308,3756,46309,18.0
9042,2019101309,113,42051,42.0
9045,2019101309,397,42051,5.0
9054,2019101309,1733,42051,1.0
9055,2019101309,1869,43010,7.0
9059,2019101309,2413,43010,1.0
9064,2019101309,3262,43010,11.0
9068,2019101310,144,39954,7.0
9069,2019101310,252,46279,10.0
9076,2019101310,1370,39954,1.0
9079,2019101310,1756,46279,12.0
9093,2019101311,158,44946,9.0
9105,2019101311,2102,44946,5.0
9111,2019101311,3212,44964,7.0
9144,2019101700,717,47839,36.0
9155,2019101700,2202,42051,4.0
9157,2019101700,2616,42051,6.0
9158,2019101700,2724,41353,8.0
9160,2019101700,2915,41353,5.0
9163,2019101700,3429,42051,1.0
9167,2019101700,3923,42051,1.0
9172,2019102000,678,45150,0.0
9175,2019102000,960,43495,3.0
9184,2019102000,2229,45150,35.0
9190,2019102000,2931,45150,-2.0
9196,2019102000,4061,46263,-6.0
9202,2019102001,547,35527,6.0
9212,2019102001,1838,35527,7.0
9220,2019102001,3558,35527,9.0
9221,2019102001,3680,48480,19.0
9227,2019102002,371,44923,0.0
9228,2019102002,534,43663,5.0
9233,2019102002,1100,44923,15.0
9265,2019102003,1669,46099,0.0
9272,2019102003,3067,46099,9.0
9273,2019102003,3161,44978,0.0
9300,2019102004,3348,43452,15.0
9304,2019102004,3733,43452,32.0
9327,2019102005,3741,42794,3.0
9339,2019102006,710,43406,3.0
9351,2019102006,2420,35499,17.0
9363,2019102007,521,46325,0.0
9371,2019102007,2956,46309,13.0
9387,2019102008,2184,43010,14.0
9400,2019102009,484,48415,9.0
9406,2019102009,1118,44932,10.0
9413,2019102009,2314,48415,23.0
9414,2019102009,2417,44932,-4.0
9415,2019102009,2510,48415,0.0
9419,2019102009,3009,48415,0.0
9421,2019102009,3419,48415,14.0
9432,2019102010,364,43349,2.0
9433,2019102010,535,42412,6.0
9440,2019102010,1554,42412,6.0
9446,2019102010,2388,43349,6.0
9464,2019102011,1639,37139,6.0
9467,2019102011,2026,39954,6.0
9470,2019102011,2430,46270,8.0
9487,2019102100,2108,46279,7.0
9490,2019102100,3011,46279,7.0
9491,2019102100,3149,48988,2.0
9493,2019102100,3623,48988,22.0
9521,2019102700,610,40130,3.0
9532,2019102700,2480,40130,6.0
9535,2019102700,2876,40130,-1.0
9560,2019102701,3110,46270,6.0
9566,2019102702,125,44932,3.0
9567,2019102702,257,44964,0.0
9568,2019102702,413,44932,6.0
9572,2019102702,1041,44932,24.0
9574,2019102702,1441,44932,0.0
9589,2019102702,3998,44932,17.0
9609,2019102703,3224,33566,4.0
9612,2019102703,4068,44837,2.0
9617,2019102704,478,42794,14.0
9618,2019102704,589,37251,0.0
9623,2019102704,1142,42794,0.0
9627,2019102704,1674,43452,3.0
9628,2019102704,1853,42794,5.0
9631,2019102704,2314,42794,13.0
9651,2019102705,999,44923,24.0
9652,2019102705,1166,43408,1.0
9660,2019102705,2582,43408,2.0
9683,2019102706,3996,43663,0.0
9696,2019102707,1894,48415,5.0
9698,2019102707,2334,48415,8.0
9706,2019102707,3495,43406,8.0
9709,2019102707,3924,48415,4.0
9713,2019102708,380,44992,0.0
9722,2019102708,1717,44992,40.0
9730,2019102708,2701,44992,5.0
9746,2019102709,1283,46309,14.0
9748,2019102709,1707,46309,10.0
9751,2019102709,2100,46309,5.0
9754,2019102709,2911,46309,7.0
9760,2019102709,3624,46309,2.0
9765,2019102710,465,42051,2.0
9772,2019102710,1773,43556,8.0
9783,2019102710,3324,42051,6.0
9786,2019102710,3923,42051,14.0
9797,2019102711,888,46506,2.0
9810,2019102711,2844,48988,8.0
9822,2019102712,626,47839,18.0
9842,2019102800,138,44946,2.0
9847,2019102800,1227,48480,14.0
9859,2019102800,3604,48480,2.0
9861,2019102800,4109,48480,19.0
9865,2019103100,386,43406,9.0
9867,2019103100,643,43406,-1.0
9868,2019103100,750,46309,9.0
9871,2019103100,1178,46309,6.0
9876,2019103100,2355,43406,9.0
9881,2019103100,3090,46309,10.0
9891,2019110300,770,48504,7.0
9904,2019110300,3384,48504,1.0
9926,2019110301,2638,46325,0.0
9932,2019110302,194,43010,11.0
9940,2019110302,1573,48646,0.0
9949,2019110302,2910,48646,11.0
9961,2019110303,222,46099,9.0
9962,2019110303,313,47839,2.0
9967,2019110303,1014,46099,7.0
9972,2019110303,1861,46099,10.0
9978,2019110303,2661,46099,3.0
9982,2019110303,3099,47839,15.0
10003,2019110304,1739,48480,9.0
10017,2019110304,3656,48480,10.0
10032,2019110305,1705,44932,11.0
10033,2019110305,1793,29957,2.0
10034,2019110305,1902,44932,1.0
10041,2019110305,2871,44932,24.0
10046,2019110305,3458,44932,0.0
10073,2019110306,3681,44946,0.0
10096,2019110307,3419,43452,16.0
10108,2019110308,656,44992,19.0
10114,2019110308,1742,44992,1.0
10115,2019110308,1849,42412,7.0
10120,2019110308,2334,44992,12.0
10127,2019110308,3473,42412,8.0
10140,2019110309,255,42051,20.0
10144,2019110309,790,46506,14.0
10164,2019110309,3417,46506,6.0
10168,2019110310,546,44964,1.0
10172,2019110310,1097,46265,0.0
10176,2019110310,1923,44964,0.0
10191,2019110311,459,43349,7.0
10217,2019110400,593,39954,9.0
10228,2019110400,2515,35499,15.0
10239,2019110400,3878,39954,15.0
10248,2019110700,711,43452,10.0
10249,2019110700,849,44964,0.0
10251,2019110700,1450,44964,11.0
10261,2019110700,2701,43452,1.0
10265,2019110700,3233,44964,8.0
10275,2019111000,1276,44978,14.0
10276,2019111000,1480,44932,1.0
10287,2019111000,3235,44978,7.0
10290,2019111000,3681,44932,8.0
10294,2019111000,4102,44978,6.0
10299,2019111001,276,41353,8.0
10324,2019111002,1043,35527,12.0
10337,2019111002,3481,35527,22.0
10371,2019111004,1338,40130,21.0
10379,2019111004,2689,48415,19.0
10391,2019111005,510,46279,17.0
10410,2019111005,3007,46279,0.0
10418,2019111005,3942,46279,12.0
10419,2019111005,4074,35499,8.0
10429,2019111006,1435,44992,3.0
10440,2019111006,2980,43406,2.0
10463,2019111007,2218,47839,5.0
10487,2019111008,1868,36071,6.0
10488,2019111008,1994,43556,10.0
10490,2019111008,2159,36071,10.0
10491,2019111008,2312,43556,7.0
10494,2019111008,2721,43556,21.0
10505,2019111009,239,45150,-2.0
10506,2019111009,462,47849,8.0
10510,2019111009,1301,47849,0.0
10511,2019111009,1565,45150,5.0
10518,2019111009,2451,45150,18.0
10524,2019111009,3979,44946,-1.0
10526,2019111009,4114,47849,14.0
10539,2019111010,1562,39954,0.0
10552,2019111100,904,46309,2.0
10557,2019111100,1796,42412,20.0
10574,2019111400,129,46506,11.0
10578,2019111400,974,46506,5.0
10579,2019111400,1064,47849,10.0
10603,2019111700,1558,41353,4.0
10627,2019111701,806,40130,78.0
10642,2019111701,4097,46093,6.0
10647,2019111702,360,44978,3.0
10648,2019111702,499,39954,2.0
10653,2019111702,1322,39954,0.0
10669,2019111703,307,44923,0.0
10674,2019111703,963,43556,8.0
10677,2019111703,1315,43556,1.0
10695,2019111704,321,35527,14.0
10701,2019111704,1179,35527,2.0
10717,2019111704,2878,35527,5.0
10754,2019111706,425,44879,0.0
10759,2019111706,1040,44879,27.0
10763,2019111706,1782,44992,7.0
10772,2019111706,3290,44879,5.0
10778,2019111707,502,46279,16.0
10780,2019111707,754,46279,12.0
10783,2019111707,1252,46279,15.0
10787,2019111707,1862,46325,9.0
10801,2019111707,4199,46325,0.0
10816,2019111708,2755,46309,2.0
10822,2019111708,4210,46309,6.0
10825,2019111709,136,43663,15.0
10837,2019111709,2617,43663,11.0
10840,2019111709,3020,43452,0.0
10848,2019111710,422,38613,-1.0
10854,2019111710,1588,38613,14.0
10866,2019111710,3142,38613,10.0
10869,2019111710,3634,46270,7.0
10871,2019111710,3914,46270,6.0
10886,2019111711,2587,45150,0.0
10887,2019111711,2829,45150,0.0
10914,2019111800,3359,47839,7.0
10916,2019111800,3705,47839,15.0
10922,2019112100,622,42794,13.0
10925,2019112100,1223,42794,10.0
10949,2019112400,1116,40130,0.0
10950,2019112400,1250,44992,11.0
10953,2019112400,1638,44992,2.0
10960,2019112400,2663,40130,6.0
10967,2019112400,3811,40130,2.0
10980,2019112401,1390,35527,0.0
10987,2019112401,2939,35527,17.0
10988,2019112401,3128,35527,8.0
10990,2019112401,3505,35527,12.0
10998,2019112402,299,35499,0.0
11000,2019112402,1071,44932,1.0
11001,2019112402,1316,35499,12.0
11004,2019112402,1632,44837,40.0
11025,2019112403,346,43663,0.0
11027,2019112403,926,47849,7.0
11029,2019112403,1100,47849,4.0
11034,2019112403,1750,43663,7.0
11037,2019112403,2102,43663,2.0
11043,2019112403,2760,43663,9.0
11044,2019112403,2851,47849,6.0
11050,2019112403,3734,47849,4.0
11056,2019112404,508,46506,6.0
11057,2019112404,713,36071,0.0
11058,2019112404,841,47605,0.0
11068,2019112404,2458,46506,4.0
11086,2019112405,352,44879,-2.0
11096,2019112405,1514,46093,0.0
11121,2019112406,1784,46279,26.0
11130,2019112406,2969,43452,11.0
11136,2019112406,3896,43452,3.0
11145,2019112407,1097,44074,14.0
11155,2019112407,2424,44074,2.0
11157,2019112407,2827,33566,15.0
11160,2019112407,3441,46325,0.0
11161,2019112407,3570,33566,0.0
11162,2019112407,3683,46325,0.0
11170,2019112408,587,43010,1.0
11171,2019112408,1024,43010,21.0
11176,2019112408,1586,44923,-1.0
11195,2019112408,3869,44923;45555,-4.0
11224,2019112410,325,46309,10.0
11227,2019112410,938,46309,0.0
11229,2019112410,1395,46265,-1.0
11230,2019112410,1604,46309,4.0
11235,2019112410,2418,46265,-2.0
11242,2019112411,135,45039,6.0
11251,2019112411,1519,45039,2.0
11256,2019112411,2270,45607,-3.0
11257,2019112411,2906,45039,12.0
11264,2019112500,119,41353,20.0
11283,2019112500,3727,41353,8.0
11284,2019112500,3832,45150,4.0
11290,2019112800,481,33566,3.0
11293,2019112800,869,44932,0.0
11294,2019112800,973,33566,5.0
11301,2019112800,2448,44932,-4.0
11307,2019112800,3528,33566,6.0
11350,2019112802,2305,40130,2.0
11351,2019112802,2394,48415,0.0
11354,2019112802,2974,40130,-2.0
11380,2019120100,2926,41353,18.0
11385,2019120101,340,46093,8.0
11390,2019120101,905,46325,3.0
11393,2019120101,1292,46325,2.0
11394,2019120101,1383,46093,11.0
11398,2019120101,1903,48051,1.0
11404,2019120101,2730,46093,16.0
11407,2019120101,3244,48051,5.0
11409,2019120101,3558,48051,6.0
11418,2019120102,572,43663,-1.0
11431,2019120102,2453,43663,7.0
11451,2019120103,1460,46173,23.0
11452,2019120103,1658,43010,2.0
11461,2019120103,2777,43010,6.0
11462,2019120103,2868,46173,9.0
11476,2019120104,1485,44992,5.0
11481,2019120104,2201,44992,13.0
11487,2019120104,3456,44923,43.0
11499,2019120105,1961,43452,3.0
11519,2019120106,790,36071,0.0
11535,2019120106,3188,36071,0.0
11544,2019120107,144,46265,3.0
11564,2019120108,399,45150,6.0
11570,2019120108,1520,43406,5.0
11621,2019120110,678,47849,1.0
11627,2019120110,1556,47849,13.0
11635,2019120110,3167,46506,5.0
11644,2019120111,644,38613,6.0
11647,2019120111,1011,42794,10.0
11654,2019120111,2160,42794,14.0
11672,2019120200,913,45039,9.0
11702,2019120500,1156,44932,13.0
11713,2019120500,2854,44932,11.0
11734,2019120800,1297,40130,8.0
11737,2019120800,1710,48646,7.0
11749,2019120800,3089,40130,5.0
11750,2019120800,3179,48646,10.0
11764,2019120801,709,41353,1.0
11765,2019120801,806,35527,15.0
11788,2019120801,4006,35527,7.0
11800,2019120802,1604,46506,10.0
11802,2019120802,1955,46506,6.0
11803,2019120802,2084,46239,0.0
11816,2019120803,114,43408,10.0
11819,2019120803,461,43408,12.0
11821,2019120803,631,43408,18.0
11831,2019120803,2360,43408,11.0
11835,2019120803,2922,48051,6.0
11846,2019120804,928,42051,2.0
11863,2019120804,3702,42794,8.0
11867,2019120805,114,46099,17.0
11869,2019120805,367,46099,5.0
11874,2019120805,1341,46099,10.0
11881,2019120805,2517,33566,3.0
11884,2019120805,2891,46099,11.0
11889,2019120805,3734,33566,8.0
11898,2019120806,890,48415,25.0
11907,2019120806,1738,46309,3.0
11917,2019120806,3061,48415,12.0
11944,2019120807,2948,46279,12.0
11962,2019120808,951,46213,7.0
11965,2019120808,1120,46213,-4.0
11966,2019120808,1251,46173,19.0
11976,2019120808,2678,46173,15.0
11991,2019120809,851,44923,-4.0
11992,2019120809,1025,44964,1.0
12012,2019120809,3431,48504,5.0
12014,2019120810,178,47849,1.0
12017,2019120810,653,47849,85.0
12028,2019120810,2021,43406,29.0
12040,2019120811,417,47839,9.0
12049,2019120811,2019,47839,4.0
12055,2019120811,2890,47839,7.0
12080,2019120812,2387,44045,12.0
12100,2019120813,1444,48784,-1.0
12109,2019120813,2883,45039,3.0
12110,2019120813,3026,48784,0.0
12119,2019120900,685,46509,8.0
12127,2019120900,1624,45607,0.0
12133,2019120900,2176,45607,16.0
12135,2019120900,2384,45607,7.0
12136,2019120900,2518,35499,3.0
12156,2019121200,1845,46279,21.0
12158,2019121200,2095,46279,8.0
12163,2019121200,2616,41353,8.0
12173,2019121200,3719,46279,19.0
12218,2019121501,3068,46239,9.0
12223,2019121501,3702,38613,1.0
12253,2019121503,208,43408,12.0
12254,2019121503,376,44932,14.0
12268,2019121503,2673,44932,5.0
12278,2019121504,213,47839,-2.0
12284,2019121504,1172,47839,0.0
12293,2019121504,2544,42051,8.0
12315,2019121505,2975,46509,9.0
12332,2019121506,1354,47849,13.0
12333,2019121506,1452,35527,12.0
12338,2019121506,2489,47849,7.0
12351,2019121507,847,43584,8.0
12370,2019121507,3980,43446,11.0
12381,2019121508,1551,48051,11.0
12386,2019121508,2288,48051,-3.0
12404,2019121509,899,43406,-2.0
12416,2019121509,2513,46506,9.0
12437,2019121510,1309,44045,2.0
12446,2019121510,2854,44923,8.0
12454,2019121511,394,48784,0.0
12469,2019121511,2449,39954,12.0
12474,2019121511,3201,39954,8.0
12483,2019121512,280,40130,2.0
12488,2019121512,1474,40130,7.0
12491,2019121512,2254,40130,5.0
12496,2019121512,3289,40130,5.0
12539,2019121600,1701,48415,2.0
12545,2019121600,3046,48415,15.0
12547,2019121600,3271,48415,12.0
12559,2019122100,1280,48742,1.0
12562,2019122100,1686,42794,10.0
12573,2019122100,3342,48742,2.0
12589,2019122101,1753,38613,10.0
12593,2019122101,2299,38613,7.0
12598,2019122101,2812,35527,17.0
12599,2019122101,2905,38613,0.0
12631,2019122102,3318,48784,1.0
12641,2019122200,436,44978,8.0
12644,2019122200,1097,44978,64.0
12659,2019122200,2939,42051,14.0
12663,2019122200,3444,44978,3.0
12665,2019122201,213,44045,8.0
12670,2019122201,708,47932,13.0
12671,2019122201,797,44964,0.0
12672,2019122201,978,47932,12.0
12673,2019122201,1089,44964,10.0
12675,2019122201,1330,44964,11.0
12687,2019122201,3152,47932,8.0
12698,2019122205,929,40130,12.0
12709,2019122205,2581,40130,8.0
12715,2019122205,3486,44923,7.0
12721,2019122206,1359,46506,11.0
12722,2019122206,1523,41353,0.0
12724,2019122206,1836,41353,7.0
12741,2019122207,128,46173,40.0
12744,2019122207,511,46173,84.0
12747,2019122207,1058,37737,8.0
12757,2019122207,2701,37737,8.0
12760,2019122207,3442,46173,71.0
12767,2019122208,462,43452,8.0
12770,2019122208,780,43452,10.0
12771,2019122208,884,46239,-1.0
12774,2019122208,1305,43663,17.0
12776,2019122208,1493,43663,10.0
12785,2019122208,2513,43452,3.0
12797,2019122208,5109,43452,5.0
12798,2019122208,5197,43663,16.0
12805,2019122209,775,46279,20.0
12810,2019122209,1519,47849,11.0
12820,2019122209,2773,47849,17.0
12822,2019122209,3146,47849,12.0
12829,2019122210,121,48415,1.0
12830,2019122210,285,43584,14.0
12833,2019122210,582,43584,11.0
12845,2019122210,2248,48415,8.0
12849,2019122210,2620,48415,12.0
12857,2019122210,3621,43584,12.0
12876,2019122211,1752,46509,-1.0
12880,2019122211,2378,46509,7.0
12901,2019122212,753,45607,1.0
12927,2019122213,1098,43406,9.0
12929,2019122213,1326,43406,13.0
12931,2019122213,1553,43406,9.0
12934,2019122213,1898,43406,7.0
12940,2019122213,2812,43406,2.0
12941,2019122213,2933,45039,5.0
12946,2019122213,3665,45039,18.0
12952,2019122214,281,47839,1.0
12955,2019122214,928,47839,9.0
12961,2019122214,2233,44932,8.0
12962,2019122214,2748,44932,10.0
12976,2019122300,927,43408,5.0
12981,2019122300,1576,43408,11.0
12991,2019122300,3331,43408,10.0
12995,2019122300,3779,46099,23.0
13004,2019122900,1076,47849,11.0
13011,2019122900,1991,41353,-4.0
13014,2019122900,2481,47849,13.0
13015,2019122900,2575,41353,6.0
13028,2019122901,579,44985,4.0
13029,2019122901,725,46279,9.0
13058,2019122902,976,48415,4.0
13063,2019122902,1423,48415,15.0
13073,2019122902,2660,37737,-1.0
13080,2019122902,3795,37737,5.0
13086,2019122903,417,43663,1.0
13095,2019122903,1612,47605,9.0
13103,2019122903,2625,43663,0.0
13120,2019122904,1514,39954,-1.0
13134,2019122904,3275,39954,7.0
13139,2019122904,3817,39954,0.0
13161,2019122905,3074,43408,1.0
13164,2019122905,3680,44978,11.0
13167,2019122905,4150,43408,16.0
13178,2019122906,1207,45858,10.0
13189,2019122906,2921,45858,-1.0
13190,2019122906,3037,42794,12.0
13192,2019122906,3323,42794,13.0
13214,2019122907,2590,44923,5.0
13215,2019122907,2789,46173,18.0
13217,2019122907,3139,46173,2.0
13228,2019122908,1415,47839,15.0
13236,2019122908,2376,47839,0.0
13262,2019122909,2658,48030,8.0
13275,2019122910,1023,38613,7.0
13300,2019122911,811,45607,6.0
13301,2019122911,931,46509,-3.0
13304,2019122911,1357,45607,-3.0
13315,2019122911,2750,35499,8.0
13324,2019122911,3762,35499,17.0
13327,2019122911,4335,35499,0.0
13349,2019122912,3449,40130,-2.0
13354,2019122913,123,47932,5.0
13370,2019122913,2804,42051,4.0
13387,2019122914,848,48784,14.0
13390,2019122914,1296,48784,4.0
13409,2019122915,158,46309,6.0
13418,2019122915,2058,45039,16.0
13440,2020091000,3435,42794,19.0
13452,2020091300,1510,45039,15.0
13475,2020091301,2272,45150,1.0
13476,2020091301,2590,52609,17.0
13483,2020091301,3954,52609,9.0
13485,2020091302,137,35527,16.0
13486,2020091302,399,35527,10.0
13489,2020091302,740,35527,0.0
13492,2020091302,1155,35527,23.0
13498,2020091302,2662,35527,19.0
13517,2020091303,2143,47932,27.0
13519,2020091303,2432,47932,10.0
13522,2020091303,3247,43406,10.0
13527,2020091304,409,44932,0.0
13537,2020091304,2017,44978,16.0
13583,2020091306,1331,43408,0.0
13606,2020091307,1363,43475,-3.0
13620,2020091308,1073,48051,2.0
13624,2020091308,1597,45607,8.0
13629,2020091308,2104,48051,0.0
13631,2020091308,2248,48051,11.0
13635,2020091308,2880,52429,6.0
13639,2020091309,437,44964,7.0
13640,2020091309,539,43663,7.0
13641,2020091309,655,44964,0.0
13654,2020091309,2783,43663,22.0
13676,2020091310,2046,48415,18.0
13683,2020091310,2772,48415,16.0
13688,2020091310,3298,48415,18.0
13693,2020091310,3790,48415,7.0
13694,2020091310,3902,44029,0.0
13699,2020091311,405,44990,12.0
13702,2020091311,569,44990,9.0
13706,2020091311,986,46113,8.0
13708,2020091311,1748,46116,8.0
13714,2020091311,2754,46116,0.0
13741,2020091312,3370,52425,20.0
13749,2020091400,438,44837,8.0
13755,2020091400,1556,47849,1.0
13756,2020091400,1643,44837,11.0
13764,2020091400,3055,47849,12.0
13770,2020091401,394,43584,11.0
13774,2020091401,1008,42051,9.0
13779,2020091401,2267,43584,9.0
13781,2020091401,2713,43584,-1.0
13787,2020091401,3741,42051,7.0
13796,2020091700,909,45150,13.0
13824,2020092000,845,44837,11.0
13863,2020092001,4564,52425,3.0
13885,2020092002,2427,43408,0.0
13886,2020092002,2683,,
13899,2020092003,1005,46173,11.0
13902,2020092003,1265,46173,2.0
13913,2020092003,2803,46173,16.0
13916,2020092003,3288,46173,11.0
13927,2020092004,1033,35527,7.0
13933,2020092004,1862,35527,11.0
13934,2020092004,2025,43475,1.0
13941,2020092004,3071,43475,10.0
13988,2020092006,1945,44881,8.0
14002,2020092007,267,47849,18.0
14005,2020092007,1025,42051,9.0
14009,2020092007,1589,47849,7.0
14034,2020092008,859,44029,0.0
14038,2020092008,1998,43406,-1.0
14060,2020092009,1366,43584,0.0
14079,2020092010,140,46116,4.0
14082,2020092010,633,47845,1.0
14083,2020092010,875,48051,12.0
14093,2020092010,2348,48051,4.0
14095,2020092010,2725,46310,1.0
14107,2020092011,208,42794,10.0
14131,2020092011,3835,52609,8.0
14137,2020092012,630,44964,3.0
14155,2020092012,4378,47839,16.0
14176,2020092013,3120,42899,0.0
14177,2020092013,3302,45039,20.0
14190,2020092100,1015,47932,5.0
14217,2020092400,1883,43475,13.0
14219,2020092400,2070,43475,15.0
14222,2020092400,3005,44923,8.0
14234,2020092700,944,46830,7.0
14237,2020092700,1341,46830,11.0
14249,2020092700,3130,46830,14.0
14255,2020092700,4452,46120,6.0
14277,2020092702,623,48051,1.0
14283,2020092702,1692,45150,11.0
14287,2020092702,2201,47605,0.0
14288,2020092702,2318,48051,19.0
14301,2020092703,307,43584,3.0
14328,2020092703,3817,43584,2.0
14333,2020092704,249,53000,11.0
14391,2020092706,1310,43663,19.0
14406,2020092706,3435,43663,6.0
14413,2020092706,4530,43663,10.0
14414,2020092706,4663,45607,1.0
14416,2020092706,5039,45607,1.0
14424,2020092707,921,43310,1.0
14429,2020092707,1633,46256,13.0
14437,2020092707,2623,46256,12.0
14440,2020092707,2903,42794,8.0
14450,2020092708,1043,46173,12.0
14465,2020092708,3050,52619,12.0
14472,2020092709,213,43406,8.0
14483,2020092709,2206,52628,0.0
14485,2020092709,2523,52628,10.0
14514,2020092710,3534,44978,19.0
14525,2020092711,684,44029,5.0
14532,2020092711,1615,44029,13.0
14541,2020092711,2703,44029,3.0
14548,2020092712,119,52425,7.0
14554,2020092712,782,52425,19.0
14570,2020092712,3168,52425,6.0
14573,2020092712,3510,46277,1.0
14591,2020092713,1545,48415,14.0
14619,2020092800,1253,52609,16.0
14620,2020092800,1351,47839,7.0
14639,2020100100,1203,42051,10.0
14647,2020100100,2517,46279,11.0
14652,2020100100,3216,42051,41.0
14671,2020100400,1096,43406,6.0
14684,2020100400,3549,43406,0.0
14692,2020100401,664,46173,3.0
14693,2020100401,771,32202,10.0
14695,2020100401,1182,32202,0.0
14700,2020100401,1988,46173,4.0
14704,2020100401,2456,32202,8.0
14705,2020100401,2563,46173,14.0
14710,2020100401,3367,46173,21.0
14747,2020100403,128,52595,13.0
14767,2020100403,3725,52425,4.0
14778,2020100404,868,48415,11.0
14783,2020100404,1674,48415,22.0
14793,2020100404,3243,44879,0.0
14798,2020100405,388,52584,6.0
14823,2020100405,3632,42794,13.0
14842,2020100406,2797,43475,11.0
14856,2020100407,817,52628,10.0
14857,2020100407,930,44029,1.0
14868,2020100407,2461,44029,12.0
14878,2020100407,3531,44029,14.0
14883,2020100409,522,46310,-3.0
14885,2020100409,799,52609,10.0
14892,2020100409,1935,52609,5.0
14897,2020100409,2548,52609,13.0
14905,2020100410,127,44881,7.0
14911,2020100410,918,35499,15.0
14912,2020100410,1002,44881,9.0
14919,2020100410,2345,35499,9.0
14926,2020100410,3491,35499,6.0
14944,2020100412,2623,35527,38.0
14950,2020100412,3702,47932,16.0
14954,2020100413,119,44990,0.0
14956,2020100413,482,45607,8.0
14973,2020100500,1587,43408,11.0
14990,2020100501,500,48988,12.0
15020,2020100800,2579,44029,12.0
15029,2020100800,4046,44029,8.0
15030,2020100800,4153,32202,6.0
15042,2020101100,1458,43406,-3.0
15053,2020101100,3132,46830,3.0
15067,2020101101,1751,43663,4.0
15069,2020101101,2088,52609,10.0
15073,2020101101,2565,52609,1.0
15075,2020101101,2857,52609,-1.0
15085,2020101102,141,42794,9.0
15126,2020101103,2518,47839,0.0
15139,2020101105,123,46116,5.0
15144,2020101105,665,46116,3.0
15154,2020101105,2812,46279,9.0
15162,2020101106,134,47849,6.0
15164,2020101106,404,47849,6.0
15181,2020101106,2992,45607,1.0
15199,2020101108,2007,44881,3.0
15202,2020101108,2429,53044,13.0
15205,2020101108,2868,48784,8.0
15207,2020101108,3049,44881,2.0
15209,2020101108,3468,44881,10.0
15212,2020101108,3713,48784,0.0
15214,2020101108,3959,48784,3.0
15216,2020101109,122,43475,4.0
15222,2020101109,1063,44990,17.0
15226,2020101109,1639,43475,5.0
15255,2020101110,1579,52595,5.0
15266,2020101110,3023,46173,7.0
15293,2020101111,3060,52425,3.0
15303,2020101112,1183,46534,0.0
15308,2020101112,1876,46534,7.0
15309,2020101112,1995,45039,15.0
15320,2020101200,129,53098,19.0
15325,2020101200,772,53098,15.0
15331,2020101200,1428,53098,9.0
15334,2020101200,1767,52628,9.0
15335,2020101200,1890,53098,14.0
15340,2020101200,2583,53098,6.0
15346,2020101200,3623,53098,6.0
15361,2020101300,764,35527,-1.0
15362,2020101300,876,43584,40.0
15368,2020101300,1788,43584,0.0
15403,2020101800,3752,43406,9.0
15408,2020101801,405,43663,7.0
15411,2020101801,804,43663,5.0
15423,2020101801,2338,46173,7.0
15487,2020101804,3077,53044,2.0
15492,2020101805,122,52609,10.0
15496,2020101805,585,45607,11.0
15497,2020101805,675,52609,3.0
15498,2020101805,792,45607,5.0
15501,2020101805,1118,52609,10.0
15504,2020101805,1377,52609,11.0
15513,2020101805,2912,52609,9.0
15521,2020101805,4347,45607,4.0
15528,2020101806,488,46256,4.0
15529,2020101806,575,52595,4.0
15531,2020101806,790,52595,2.0
15542,2020101806,2310,46256,16.0
15548,2020101806,3742,46256,17.0
15550,2020101807,160,42794,0.0
15553,2020101807,672,43584,16.0
15562,2020101807,2122,43584,4.0
15569,2020101807,3253,43584,0.0
15591,2020101810,2370,44029,10.0
15594,2020101810,3080,44029,4.0
15598,2020101810,3603,44029,9.0
15603,2020101811,511,48784,15.0
15610,2020101811,1933,46309,8.0
15616,2020101811,2761,48784,9.0
15617,2020101811,3138,44881,5.0
15618,2020101811,3322,46309,12.0
15648,2020101813,120,43475,16.0
15650,2020101813,322,43475,1.0
15658,2020101813,1612,43475,30.0
15664,2020101813,2345,43475,14.0
15666,2020101813,2565,43475,15.0
15671,2020101813,3149,43475,7.0
15675,2020101900,153,52425,1.0
15677,2020101900,621,46116,-1.0
15699,2020101901,131,47839,2.0
15700,2020101901,329,35527,24.0
15715,2020101901,2920,47839,0.0
15724,2020102200,675,44837,14.0
15729,2020102200,1837,35499,5.0
15731,2020102200,2272,45607,11.0
15741,2020102200,3921,33130,2.0
15758,2020102500,2699,44978,-1.0
15767,2020102502,664,43663,11.0
15795,2020102503,537,42794,5.0
15799,2020102503,1151,48304,6.0
15809,2020102503,2757,42794,14.0
15833,2020102505,2221,48415,4.0
15851,2020102506,2484,35527,1.0
15854,2020102506,3004,35527,7.0
15859,2020102506,3654,35527,15.0
15868,2020102507,997,52425,0.0
15879,2020102507,3343,46329,3.0
15910,2020102508,4940,46116,10.0
15914,2020102509,144,47839,11.0
15917,2020102509,461,47839,10.0
15997,2020102512,683,46256,11.0
16003,2020102512,1711,46256,57.0
16008,2020102512,2184,46256,15.0
16017,2020102512,3007,43584,5.0
16022,2020102513,119,44964,-5.0
16026,2020102513,517,44923,13.0
16027,2020102513,636,44964,6.0
16030,2020102513,1088,44964,6.0
16034,2020102513,1575,44923,13.0
16035,2020102513,1780,44923,10.0
16054,2020102600,593,48784,15.0
16066,2020102600,2330,48784,-1.0
16115,2020110100,2417,48988,15.0
16136,2020110101,2525,43584,3.0
16154,2020110102,1598,47932,13.0
16171,2020110103,934,46173,12.0
16186,2020110103,2622,44978,
16212,2020110104,3731,43408,9.0
16233,2020110105,2711,47839,0.0
16237,2020110105,3274,47839,14.0
16252,2020110106,1473,43475,88.0
16264,2020110106,3136,48784,5.0
16265,2020110106,3564,48784,2.0
16278,2020110108,1306,37251,12.0
16280,2020110108,1539,37251,5.0
16286,2020110108,2365,48415,42.0
16291,2020110108,2922,48415,11.0
16300,2020110108,4604,37251,0.0
16301,2020110108,4767,48415,14.0
16304,2020110109,126,44990,20.0
16316,2020110109,2153,45039,15.0
16321,2020110109,2740,45039,9.0
16336,2020110110,918,45607,0.0
16340,2020110110,1566,45607,22.0
16347,2020110110,3240,52425,4.0
16357,2020110111,965,46256,5.0
16369,2020110111,3064,52609,15.0
16379,2020110112,539,42935,8.0
16380,2020110112,674,52628,-1.0
16381,2020110112,1107,52628,30.0
16392,2020110112,2541,52628,9.0
16415,2020110200,1572,44837,11.0
16453,2020110500,3674,44990,13.0
16465,2020110800,1426,46830,13.0
16482,2020110800,3750,52454,8.0
16492,2020110801,289,35527,11.0
16507,2020110801,2861,45039,6.0
16523,2020110802,238,46173,11.0
16526,2020110802,656,46173,9.0
16531,2020110802,1174,52609,9.0
16535,2020110802,1909,46173,-2.0
16539,2020110802,2736,52609,4.0
16542,2020110802,3547,46173,3.0
16553,2020110803,730,52631,-1.0
16569,2020110803,3216,45555,4.0
16594,2020110804,3092,47839,6.0
16618,2020110805,2138,52584,-3.0
16622,2020110805,2972,33566,12.0
16631,2020110806,121,37251,8.0
16632,2020110806,359,37251,10.0
16633,2020110806,456,43584,16.0
16636,2020110806,745,43584,21.0
16638,2020110806,965,43584,12.0
16639,2020110806,1071,37251,9.0
16645,2020110806,1822,37251,19.0
16648,2020110806,2318,37251,6.0
16657,2020110806,3667,37251,12.0
16664,2020110807,542,45255,6.0
16686,2020110807,4107,48051,12.0
16689,2020110808,286,52628,0.0
16696,2020110808,1246,47932,13.0
16705,2020110808,2183,47932,12.0
16729,2020110809,2126,46116,-4.0
16730,2020110809,2270,43475,10.0
16746,2020110810,659,46277,3.0
16750,2020110810,1270,46277;42094,0.0
16759,2020110810,2406,52425,6.0
16766,2020110810,3645,46256,0.0
16771,2020110811,482,48415,7.0
16772,2020110811,792,48415,8.0
16775,2020110811,1075,48415,15.0
16783,2020110811,2524,44029,1.0
16793,2020110900,894,46279,0.0
16834,2020111200,3832,43584,2.0
16868,2020111501,503,52595,9.0
16870,2020111501,1125,43310,13.0
16874,2020111501,2228,42794,9.0
16878,2020111501,3019,52595,2.0
16889,2020111502,987,33566,6.0
16901,2020111502,2933,48051,0.0
16912,2020111503,122,45555,18.0
16917,2020111503,718,45555,4.0
16922,2020111503,1246,45555,91.0
16938,2020111503,3723,46114,7.0
16946,2020111504,1140,44837,1.0
16950,2020111504,2011,44837,10.0
16957,2020111504,3065,44837,16.0
16959,2020111504,3373,44837,20.0
16964,2020111505,177,43663,13.0
16973,2020111505,2739,43663,0.0
16974,2020111505,2936,46256,8.0
16977,2020111505,3361,46256,-5.0
16981,2020111505,3874,46256,42.0
17012,2020111506,3649,46116,23.0
17013,2020111506,4074,46116,-8.0
17014,2020111506,4183,35527,10.0
17015,2020111506,4318,35527,0.0
17020,2020111507,143,47932,0.0
17027,2020111507,1107,47932,4.0
17041,2020111507,3315,47932,16.0
17066,2020111509,2890,48784,15.0
17089,2020111510,2823,48415,-2.0
17124,2020111512,923,43475,18.0
17128,2020111512,1767,43475,20.0
17138,2020111512,3054,43475,19.0
17158,2020111600,2275,52584,0.0
17159,2020111600,2381,46120,12.0
17167,2020111600,3500,46120,32.0
17172,2020111900,554,46116,6.0
17173,2020111900,666,45039,11.0
17174,2020111900,803,46116,2.0
17206,2020112200,2166,52609,7.0
17221,2020112201,445,43406,0.0
17227,2020112201,1489,44978,12.0
17229,2020112201,1899,44978,4.0
17231,2020112201,2054,43406,7.0
17234,2020112201,2445,43406,14.0
17241,2020112202,157,45607,6.0
17244,2020112202,1121,52595,0.0
17247,2020112202,1677,45607,10.0
17248,2020112202,1801,52595,12.0
17255,2020112202,2412,52595,3.0
17263,2020112202,3440,52595,7.0
17275,2020112203,787,46172,7.0
17281,2020112203,1667,46172,7.0
17286,2020112203,2408,48988,0.0
17295,2020112203,4064,48988,3.0
17301,2020112204,686,46173,4.0
17315,2020112204,2524,46173,5.0
17328,2020112205,554,46256,0.0
17330,2020112205,861,46256,5.0
17339,2020112205,2134,45555,10.0
17341,2020112205,2583,45555,0.0
17344,2020112205,3094,46256,14.0
17354,2020112206,463,48415,2.0
17360,2020112206,1414,46830,0.0
17368,2020112206,2734,53098,4.0
17370,2020112206,3007,53098,14.0
17373,2020112206,3374,53098,0.0
17380,2020112207,1311,43663,10.0
17383,2020112207,1656,43663,9.0
17388,2020112207,2360,48051,10.0
17393,2020112207,2799,48051,3.0
17414,2020112210,1607,47932,8.0
17421,2020112210,2935,47932,3.0
17422,2020112210,3024,43415,0.0
17430,2020112211,120,42051,1.0
17437,2020112211,1011,42051,9.0
17438,2020112211,1135,43475,6.0
17446,2020112211,2323,42051,0.0
17459,2020112212,876,52628,5.0
17480,2020112212,4173,46279,16.0
17489,2020112300,987,40130,8.0
17501,2020112300,2753,48784,2.0
17502,2020112300,2949,40130,4.0
17503,2020112300,3041,48784,2.0
17511,2020112300,4341,40130,7.0
17538,2020112601,123,52425,9.0
17557,2020112601,3413,48051,10.0
17562,2020112900,161,47932,6.0
17592,2020112900,4488,46830,4.0
17594,2020112901,154,35527,18.0
17602,2020112901,1175,35527,4.0
17616,2020112901,3687,35527,4.0
17624,2020112902,509,43663,15.0
17627,2020112902,977,44837,8.0
17647,2020112902,3846,43663,29.0
17657,2020112903,1222,43584,11.0
17662,2020112903,2140,43584,12.0
17665,2020112903,2518,43584,17.0
17667,2020112903,2861,43584,12.0
17678,2020112904,283,46325,6.0
17695,2020112904,2648,52595,4.0
17699,2020112905,145,46534,0.0
17704,2020112905,1258,43406,0.0
17713,2020112905,2354,43406,20.0
17734,2020112906,1441,46116,7.0
17736,2020112906,2142,48988,58.0
17741,2020112906,2706,48988,9.0
17754,2020112907,1564,43475,12.0
17759,2020112907,2303,46279,0.0
17761,2020112907,2713,43475,7.0
17770,2020112908,422,53098,19.0
17800,2020112909,1026,48784,7.0
17802,2020112909,1424,44990,15.0
17809,2020112909,2385,48784,4.0
17817,2020112909,3153,48784,-2.0
17820,2020112909,3546,44990,12.0
17828,2020112910,412,47839,12.0
17830,2020112910,641,47839,0.0
17832,2020112910,789,47839,5.0
17835,2020112910,1164,47839,3.0
17844,2020112910,2923,35634,2.0
17877,2020113000,151,45039,2.0
17878,2020113000,1018,45607,7.0
17879,2020113000,1157,46211,12.0
17882,2020113000,1450,46211,7.0
17888,2020113000,2369,45607,12.0
17899,2020120200,216,52609,0.0
17902,2020120200,657,46256,0.0
17912,2020120200,2512,52609,9.0
17913,2020120200,2609,46256,6.0
17923,2020120600,123,43948,0.0
17924,2020120600,226,46830,7.0
17930,2020120600,1332,43948,9.0
17939,2020120600,3203,43948,8.0
17944,2020120600,4487,46830,5.0
17955,2020120601,1637,44978,11.0
17961,2020120601,2492,42794,5.0
17962,2020120601,2683,44978,9.0
17975,2020120602,130,46173,9.0
17980,2020120602,574,46172,8.0
17996,2020120602,2726,46173,13.0
17997,2020120602,2882,46172,6.0
17998,2020120602,3225,46172,11.0
18003,2020120603,181,43475,2.0
18004,2020120603,270,43663,9.0
18005,2020120603,584,43663,4.0
18010,2020120603,1188,43475,0.0
18016,2020120603,2410,43475,6.0
18028,2020120604,322,45555,13.0
18031,2020120604,689,45555,0.0
18032,2020120604,842,52584,7.0
18036,2020120604,1663,52584,8.0
18055,2020120604,4746,45555,0.0
18060,2020120605,625,47932,12.0
18075,2020120605,2793,47932,11.0
18094,2020120607,1306,52595,0.0
18096,2020120607,1719,52595,1.0
18105,2020120607,3548,52595,0.0
18114,2020120608,510,48784,5.0
18120,2020120608,1764,48784,9.0
18130,2020120608,3532,48784,4.0
18143,2020120609,410,45039,5.0
18145,2020120609,1183,45039,7.0
18170,2020120610,1250,43408,0.0
18194,2020120611,870,48988,70.0
18198,2020120611,1329,48988,14.0
18206,2020120611,3230,48988,61.0
18213,2020120612,286,52454,-2.0
18231,2020120612,3019,47839,5.0
18239,2020120700,1267,35527,22.0
18251,2020120700,3818,52433,16.0
18256,2020120702,378,48051,9.0
18262,2020120702,1798,46256,17.0
18271,2020120702,3162,46256,11.0
18308,2020121000,327,48784,8.0
18316,2020121000,1924,48988,19.0
18322,2020121000,2876,48988,3.0
18324,2020121000,3050,48988,21.0
18325,2020121000,3438,48988,0.0
18327,2020121000,3670,48988,4.0
18330,2020121300,288,42051,83.0
18347,2020121300,3049,43406,0.0
18354,2020121300,3782,43406,0.0
18378,2020121301,3661,46120,4.0
18379,2020121301,3799,46172,7.0
18393,2020121302,2198,52425,1.0
18395,2020121302,2542,52425,-1.0
18417,2020121303,2796,39954,2.0
18430,2020121304,832,43584,0.0
18436,2020121304,1883,43584,13.0
18457,2020121305,1459,43475,-4.0
18462,2020121305,2196,47839,67.0
18470,2020121305,3451,46174,1.0
18477,2020121306,335,46116,24.0
18480,2020121306,636,46116,2.0
18482,2020121306,916,46116,8.0
18489,2020121306,1995,46116,17.0
18499,2020121306,3299,46116,8.0
18501,2020121306,3655,46116,18.0
18506,2020121307,370,46534,10.0
18508,2020121307,859,46534,5.0
18514,2020121307,1827,40130,4.0
18527,2020121308,413,46173,2.0
18532,2020121308,1009,47932,11.0
18558,2020121309,504,46211,14.0
18565,2020121309,1406,46279,11.0
18573,2020121309,2689,46211,0.0
18582,2020121310,121,52628,1.0
18587,2020121310,886,46830,14.0
18595,2020121310,2075,46830,6.0
18599,2020121310,3132,46830,20.0
18601,2020121311,130,45607,5.0
18606,2020121311,1180,43948,2.0
18612,2020121311,1889,45607,4.0
18615,2020121311,2276,43948,4.0
18627,2020121312,519,48051,22.0
18631,2020121312,1027,46309,2.0
18642,2020121312,2399,48051,14.0
18651,2020121312,3803,46309,3.0
18655,2020121312,4380,52433,10.0
18664,2020121313,1065,46256,0.0
18677,2020121313,2577,35527,15.0
18696,2020121400,1867,52595,5.0
18718,2020121700,122,52628,10.0
18755,2020121900,1620,35527,0.0
18763,2020121900,2743,35527,7.0
18764,2020121900,3023,40107,0.0
18784,2020121901,2007,39954,5.0
18789,2020121901,2488,43406,1.0
18792,2020121901,2843,43406,19.0
18797,2020121901,3893,43406,0.0
18799,2020122002,170,46173,13.0
18822,2020122003,121,46279,18.0
18835,2020122003,1744,48784,12.0
18844,2020122003,3181,48784,19.0
18846,2020122003,3637,48784,34.0
18859,2020122004,2567,44978,-1.0
18873,2020122005,588,40130,5.0
18874,2020122005,758,46830,4.0
18889,2020122005,2656,40130,0.0
18892,2020122005,3162,40130,21.0
18899,2020122005,3787,40130,6.0
18912,2020122006,1898,52609,20.0
18921,2020122006,3262,52609,3.0
18926,2020122007,213,48988,3.0
18930,2020122007,1287,48988,13.0
18947,2020122008,212,46120,1.0
18986,2020122009,2728,52595,6.0
18987,2020122009,2943,44837,12.0
18992,2020122010,126,46211,15.0
18995,2020122010,530,46211,3.0
19007,2020122010,2767,48051,0.0
19011,2020122010,3747,48051,-1.0
19034,2020122011,3240,46116,5.0
19038,2020122011,4100,46116,-5.0
19045,2020122012,438,43948,17.0
19048,2020122012,934,47839,-2.0
19051,2020122012,1373,47839,0.0
19052,2020122012,1468,43948,9.0
19056,2020122012,2492,43415,-13.0
19062,2020122012,3177,47839,-1.0
19063,2020122012,3551,47839,1.0
19073,2020122013,142,46277,10.0
19074,2020122013,268,46309,9.0
19088,2020122013,2466,44990,14.0
19095,2020122013,3351,52425,16.0
19105,2020122100,120,43663,6.0
19106,2020122100,211,46256,0.0
19111,2020122100,683,43663,11.0
19120,2020122100,2062,46256,11.0
19126,2020122100,2604,46256,8.0
19150,2020122500,2318,45275,1.0
19158,2020122500,3517,53098,16.0
19169,2020122600,636,40130,6.0
19171,2020122600,978,40130,5.0
19173,2020122600,1276,40130,-2.0
19176,2020122600,1566,40130,8.0
19183,2020122600,2547,44978,74.0
19189,2020122600,3416,40130,3.0
19191,2020122600,4014,44978,4.0
19195,2020122601,598,45900,4.0
19214,2020122602,123,43475,7.0
19215,2020122602,214,47932,32.0
19221,2020122602,1000,47932,-3.0
19232,2020122602,2369,47932,13.0
19235,2020122602,2656,47932,0.0
19237,2020122602,2908,47932,19.0
19252,2020122702,688,42051,15.0
19261,2020122702,2319,42051,21.0
19271,2020122702,3598,42051,10.0
19275,2020122704,130,46279,9.0
19276,2020122704,235,47605,10.0
19292,2020122704,2491,46279,12.0
19299,2020122704,3914,46279,0.0
19306,2020122705,516,52500,17.0
19309,2020122705,1000,52500,19.0
19324,2020122705,3503,44837,6.0
19360,2020122707,697,42794,13.0
19368,2020122707,2476,42794,1.0
19373,2020122707,2945,42794,11.0
19383,2020122708,695,47839,0.0
19385,2020122708,958,47839,0.0
19391,2020122708,2265,47839,11.0
19393,2020122708,2661,47839,9.0
19402,2020122709,136,46173,15.0
19406,2020122709,820,46173,26.0
19411,2020122709,1394,46173,22.0
19419,2020122709,2712,46256,8.0
19422,2020122709,2891,47849,8.0
19425,2020122709,3288,46256,5.0
19451,2020122711,154,46211,12.0
19455,2020122711,773,48784,1.0
19467,2020122711,3101,48784,
19470,2020122711,3576,44881,1.0
19482,2020122712,815,52425,6.0
19494,2020122712,2637,52425,0.0
19501,2020122712,4081,52429,15.0
19528,2020122800,551,35527,7.0
19536,2020122800,1631,35527,6.0
19543,2020122800,2422,35527,12.0
19548,2020122800,3234,35527,0.0
19549,2020122800,3460,48988,5.0
19563,2021010300,1586,44985,84.0
19588,2021010301,116,43948,10.0
19595,2021010301,937,43406,8.0
19605,2021010301,2796,43948,10.0
19635,2021010303,507,52500,4.0
19647,2021010303,2247,52500,6.0
19654,2021010303,3224,43663,28.0
19655,2021010303,3530,43663,-2.0
19660,2021010304,485,52595,0.0
19662,2021010304,1000,52595,4.0
19667,2021010304,1720,46256,3.0
19681,2021010305,179,44978,10.0
19682,2021010305,280,46534,13.0
19683,2021010305,371,44978,12.0
19695,2021010305,1861,46534,7.0
19731,2021010307,892,48988,17.0
19733,2021010307,1131,48988,7.0
19741,2021010307,2541,48988,12.0
19759,2021010308,1174,44837,20.0
19770,2021010308,2461,44837,19.0
19775,2021010308,3476,52425,-2.0
19787,2021010309,1232,45607,15.0
19790,2021010309,1653,48051,20.0
19794,2021010309,2135,45607,3.0
19798,2021010309,2935,45607,0.0
19810,2021010310,930,44029,0.0
19831,2021010311,118,42051,13.0
19842,2021010311,1983,47932,21.0
19863,2021010312,347,46172,2.0
19895,2021010313,195,46173,7.0
19903,2021010313,1208,46173,8.0
19904,2021010313,1312,52631,13.0
19918,2021010313,3282,46173,14.0
19919,2021010313,3431,48505,3.0
19920,2021010313,3537,46173,11.0
19926,2021010314,429,47816,0.0
19934,2021010314,1858,47816,3.0
19948,2021010315,175,45900,5.0
19954,2021010315,928,46211,7.0
19957,2021010315,1359,46211,7.0
19958,2021010315,1479,45900,5.0
19964,2021010315,2235,45900,21.0
19967,2021010315,2497,45900,5.0
